"","ref","ID","app.ref","r","pH.u","pH.a","app.mthd","pHr"
"1","Eihe et al. (2019)",10,"Soil application of pig slurry digestate with hollow tubes + Hanging hoses",58,"7.9",6.4,NA,1.5
"2","Eihe et al. (2019)",10,"Soil application of pig slurry digestate with hollow tubes + Hanging hoses",35,"7.9",6.4,NA,1.5
"3","Fangueiro et al. (2017)",14,"Soil surface (liquid fraction)",98.0392156862745,"7.4",5.5,NA,1.9
"4","Fangueiro et al. (2017)",14,"Soil surface (liquid fraction)",92.8104575163399,"7.4",5.5,NA,1.9
"5","Hagner et al. (2021)",16,"banded.",91.6,"6.9",5.1,NA,1.8
"6","Nyameasem et al. (2022)",28,"Trailing Shoe (TS) application of cattle slurry",58.39,"7.7",6.05,NA,1.65
"7","Nyameasem et al. (2022)",28,"Trailing Shoe (TS) application of cattle slurry",8,"7.55",5.8,NA,1.75
"8","Nyameasem et al. (2022)",28,"Trailing Shoe (TS) application of cattle slurry",59.8,"7.95",6.1,NA,1.85
"9","Nyameasem et al. (2022)",28,"Trailing Shoe (TS) application of cattle slurry",71.5,"7.3",5.4,NA,1.9
"10","Nyameasem et al. (2022)",28,"Trailing Shoe (TS) application of cattle slurry",63.8,"6.9",6,NA,0.9
"11","Nyameasem et al. (2022)",28,"Trailing Shoe (TS) application of cattle slurry",60,"6.95",6.2,NA,0.75
"12","Nyameasem et al. (2022)",28,"Trailing Shoe (TS) application of cattle slurry",46.98,"6.75",5.8,NA,0.95
"13","Nyameasem et al. (2022)",28,"Trailing Shoe (TS) application of cattle slurry",-6.40000000000001,"6.85",5.9,NA,0.949999999999999
"14","Owusu-Twum et al. (2017)",29,"Watering can (without the nozzle) to simulate the band spreading technique",96.5193370165746,"8.6",5.56,NA,3.04
"15","Pedersen and Nyord (2023)",31,"Trailing shoe (Manually applied > watering can)",16.4855072463768,"7.7",7.3,NA,0.4
"16","Pedersen and Nyord (2023)",31,"Trailing shoe (Manually applied > watering can)",6.27705627705629,"7.6",7.3,NA,0.3
"17","Pedersen and Nyord (2023)",31,"Trailing shoe (Manually applied > watering can)",15.3692614770459,"7.8",7.5,NA,0.3
"18","Pedersen et al. (2022)",35,"Trailing hoses in narrow bands at the soil surface",34.7150259067358,"6.5",6.4,NA,0.0999999999999996
"19","Pedersen et al. (2022)",35,"Trailing hoses in narrow bands at the soil surface",76.1658031088083,"6.5",5.9,NA,0.6
"20","Pedersen et al. (2022)",35,"Trailing hoses in narrow bands at the soil surface",25.4777070063694,"7",6.4,NA,0.6
"21","Pedersen et al. (2022)",35,"Trailing hoses in narrow bands at the soil surface",82.8025477707006,"7",5.9,NA,1.1
"22","Pedersen et al. (2022)",35,"Trailing hoses in narrow bands at the soil surface",8.8888888888889,"7",6.5,NA,0.5
"23","Pedersen et al. (2022)",35,"Trailing hoses in narrow bands at the soil surface",92.5,"7",6,NA,1
"24","Pedersen et al. (2022)",35,"Trailing hoses in narrow bands at the soil surface",16.2962962962963,"6.9",6.3,NA,0.600000000000001
"25","Pedersen et al. (2022)",35,"Trailing hoses in narrow bands at the soil surface",65.5555555555556,"6.9",6.1,NA,0.800000000000001
"26","Silva et al. (2022a)",47,"(RDS) Raw dairy slurry placed on the stubble",66.0144544332804,"7.5",5.5,NA,2
"27","Silva et al. (2022b)",48,"In Bands by hand (APS -  T0) Acidified pig slurry",9.09090909090909,"8.08",5.5,NA,2.58
"28","Silva et al. (2022b)",48,"In Bands by hand(APSU - T0) Acidified pig slurry + Urea",-5.43478260869565,"8.08",5.5,NA,2.58
"29","ten Huf et al. (2023)",51,"Trailing hose (CS:TH)",45.5,"6.75",5.8,NA,0.95
"30","ten Huf et al. (2023)",51,"Trailing hose (CS:TH)",81.5,"6.85",5.9,NA,0.949999999999999
"31","ten Huf et al. (2023)",51,"Trailing hose (CS:TH)",90.5,"7",6,NA,1
"32","ten Huf et al. (2023)",51,"Trailing hose (CS:TH)",74,"7.65",6.4,NA,1.25
"33","ten Huf et al. (2023)",51,"Trailing hose (CS:TH)",59,"8",5.8,NA,2.2
"34","ten Huf et al. (2023)",51,"Trailing hose (CS:TH)",54,"7.55",6.6,NA,0.95
"35","ten Huf et al. (2023)",51,"Trailing hose (CS:TH)",35.5,"7.85",3.9,NA,3.95
"36","ten Huf et al. (2023)",51,"Trailing hose (CS:TH)",80,"7.6",4.75,NA,2.85
"37","Wagner et al. (2021)",58,"banded.",88,"7.2",5.6,NA,1.6
"38","Wagner et al. (2021)",58,"trail hose",74,"7.5",5.7,NA,1.8
"39","Wagner et al. (2021)",58,"trail hose",61,"7.3",6.5,NA,0.8
"40","Wagner et al. (2021)",58,"trail hose",57,"7.6",6.5,NA,1.1
"41","Wagner et al. (2021)",58,"trail hose",74,"7.2",6,NA,1.2
"42","Wagner et al. (2021)",58,"trail hose",0.5,"7.1",5.4,NA,1.7
"43","Wagner et al. (2021)",58,"trail hose",57,"8",6.6,NA,1.4
"44","Wagner et al. (2021)",58,"trail hose",67,"7.4",6.2,NA,1.2
"45","Wagner et al. (2021)",58,"trail hose",45,"6.7",3.2,NA,3.5
"46","Wagner et al. (2021)",58,"trail hose",45,"7",6.1,NA,0.9
"47","Wagner et al. (2021)",58,"trail hose",22,"6.8",5.6,NA,1.2
"48","Wagner et al. (2021)",58,"trail hose",45,"7.9",6.5,NA,1.4
"49","Kai et al. (2008)",60,"banded.",67.3469387755102,"6.3",NA,NA,NA
"50","Andersson et al. (2023)",61,"trailing hose",85.2941176470588,"7.1",6,NA,1.1
"51","Andersson et al. (2023)",61,"trailing hose",75,"6.8",6,NA,0.8
"52","Andersson et al. (2023)",61,"trailing hose",84.2696629213483,"7.6",6.7,NA,0.899999999999999
"53","Huijsmans et al. (2015)",101,NA,7,"7.1",6.6,"band",0.5
"54","Huijsmans et al. (2015)",101,NA,32,"7.1",6,"band",1.1
"55","Huijsmans et al. (2015)",101,NA,12,"7.1",6.6,"band",0.5
"56","Huijsmans et al. (2015)",101,NA,18,"7.1",6.1,"band",1
"57","Huijsmans et al. (2015)",101,NA,3,"7.2",7.1,"band",0.100000000000001
"58","Huijsmans et al. (2015)",101,NA,27,"7.2",6.5,"band",0.7
"59","Huijsmans et al. (2015)",101,NA,5,"7.1",7,"band",0.0999999999999996
"60","Huijsmans et al. (2015)",101,NA,19,"7.1",6.5,"band",0.6
"61","Nyord (2013)",102,NA,63,"6.83",5.89,"band",0.94
"62","Nyord (2013)",102,NA,72,"6.81",5.82,"band",0.989999999999999
"63","Nyord (2013)",102,NA,74,"7.2",5.9,"band",1.3
"64","Nyord (2013)",102,NA,52,"7.2",6.2,"band",1
"65","Nyord (2013)",102,NA,41,"7.2",6.2,"band",1
"66","Nyord (2013)",102,NA,16,"7.8",6.7,"band",1.1
"67","Nyord (2013)",102,NA,40,"7.8",6.6,"band",1.2
"68","Nyord (2013)",102,NA,56,"7.4",6.1,"band",1.3
"69","Nyord (2013)",102,NA,62,"7.4",6.1,"band",1.3
"70","Nyord (2013)",102,NA,34,"7.4",6.4,"band",1
"71","Nyord (2013)",102,NA,61,"7.8",6.5,"band",1.3
"72","Nyord (2013)",102,NA,53,"7.8",6.6,"band",1.2
"73","Nyord (2013)",102,NA,56,"7.8",6.3,"band",1.5
"74","Bussink et al. (1994)",104,NA,99,"7.5",4.5,"Broadcast",3
"75","Bussink et al. (1994)",104,NA,87,"7.5",5.1,"Broadcast",2.4
"76","Bussink et al. (1994)",104,NA,94,"7.3",3.9,"Broadcast",3.4
"77","Bussink et al. (1994)",104,NA,81,"7.5",4.5,"Broadcast",3
"78","Bussink et al. (1994)",104,NA,69,"7.1",4.6,"Broadcast",2.5
"79","Bussink et al. (1994)",104,NA,99,"7.2",4.3,"Broadcast",2.9
"80","Bussink et al. (1994)",104,NA,86,"7.4",4.3,"Broadcast",3.1
"81","Bussink et al. (1994)",104,NA,87,"7.1",4.4,"Broadcast",2.7
"82","Bussink et al. (1994)",104,NA,73,"7.4",4.5,"Broadcast",2.9
"83","Bussink et al. (1994)",104,NA,65,"7.3",5,"Broadcast",2.3
"84","Bussink et al. (1994)",104,NA,52,"7",6,"Broadcast",1
"85","Bussink et al. (1994)",104,NA,51,"7",5.8,"Broadcast",1.2
"86","Bussink et al. (1994)",104,NA,79,"7",4.9,"Broadcast",2.1
"87","Bussink et al. (1994)",104,NA,29,"7.4",6.6,"Broadcast",0.800000000000001
"88","Bussink et al. (1994)",104,NA,66,"7.4",6.3,"Broadcast",1.1
"89","Bussink et al. (1994)",104,NA,84,"7.4",5.8,"Broadcast",1.6
"90","Bussink et al. (1994)",104,NA,48,"6.8",5.7,"Broadcast",1.1
"91","Bussink et al. (1994)",104,NA,54,"6.8",5.6,"Broadcast",1.2
"92","Bussink et al. (1994)",104,NA,57,"6.8",5.2,"Broadcast",1.6
"93","Bussink et al. (1994)",104,NA,93,"7.5",4.5,"Broadcast",3
"94","Bussink et al. (1994)",104,NA,89,"7.5",5.1,"Broadcast",2.4
"95","Bussink et al. (1994)",104,NA,97,"6.8",4.5,"Broadcast",2.3
"96","Bussink et al. (1994)",104,NA,89,"6.8",4.5,"Broadcast",2.3
"97","Bussink et al. (1994)",104,NA,49,"6.8",4.5,"Broadcast",2.3
"98","Bussink et al. (1994)",104,NA,60,"6.8",4.5,"Broadcast",2.3
"99","Bussink et al. (1994)",104,NA,45,"6.8",4.5,"Broadcast",2.3
"100","Bussink et al. (1994)",104,NA,81,"6.8",4.5,"Broadcast",2.3
"101","Bussink et al. (1994)",104,NA,76,"6.8",4.5,"Broadcast",2.3
"102","Bussink et al. (1994)",104,NA,66,"6.8",4.5,"Broadcast",2.3
"103","Stevens et al. (1992)",114,NA,86.1111111111111,"7.5",6.5,"Broadcast",1
"104","Stevens et al. (1992)",114,NA,97.2222222222222,"7.5",6,"Broadcast",1.5
"105","Stevens et al. (1992)",114,NA,85.7142857142857,"7.5",6.5,"Broadcast",1
"106","Stevens et al. (1992)",114,NA,95.2380952380952,"7.5",6,"Broadcast",1.5
"107","Stevens et al. (1992)",114,NA,76.9230769230769,"7.5",6.5,"Broadcast",1
"108","Stevens et al. (1992)",114,NA,92.3076923076923,"7.5",6,"Broadcast",1.5
"109","Stevens et al. (1992)",114,NA,86.6666666666667,"7.5",6.5,"Broadcast",1
"110","Stevens et al. (1992)",114,NA,96.6666666666667,"7.5",6,"Broadcast",1.5
"111","Stevens et al. (1992)",114,NA,78.125,"7.5",6.5,"Broadcast",1
"112","Stevens et al. (1992)",114,NA,93.75,"7.5",6,"Broadcast",1.5
"113","Stevens et al. (1992)",114,NA,62.5,"7.5",6.5,"Broadcast",1
"114","Stevens et al. (1992)",114,NA,87.5,"7.5",6,"Broadcast",1.5
"115","Stevens et al. (1992)",114,NA,75,"7.5",6.5,"Broadcast",1
"116","Stevens et al. (1992)",114,NA,93.75,"7.5",6,"Broadcast",1.5
"117","Stevens et al. (1992)",114,NA,62.5,"7.5",6.5,"Broadcast",1
"118","Stevens et al. (1992)",114,NA,87.5,"7.5",6,"Broadcast",1.5
"119","Stevens et al. (1992)",114,NA,71.4285714285714,"7.5",6.5,"Broadcast",1
"120","Stevens et al. (1992)",114,NA,85.7142857142857,"7.5",6,"Broadcast",1.5
"121","Stevens et al. (1992)",114,NA,23.8095238095238,"7.9",7.4,"Broadcast",0.5
"122","Stevens et al. (1992)",114,NA,43.452380952381,"7.9",7.1,"Broadcast",0.800000000000001
"123","Stevens et al. (1992)",114,NA,63.6904761904762,"7.9",6.8,"Broadcast",1.1
"124","Stevens et al. (1992)",114,NA,88.6904761904762,"7.9",6.4,"Broadcast",1.5
"125","Stevens et al. (1992)",114,NA,6.89655172413792,"7.9",7.4,"Broadcast",0.5
"126","Stevens et al. (1992)",114,NA,27.5862068965517,"7.9",7.1,"Broadcast",0.800000000000001
"127","Stevens et al. (1992)",114,NA,46.360153256705,"7.9",6.8,"Broadcast",1.1
"128","Stevens et al. (1992)",114,NA,65.9003831417624,"7.9",6.4,"Broadcast",1.5
"129","Stevens et al. (1992)",114,NA,40.4605263157895,"7.9",7.4,"Broadcast",0.5
"130","Stevens et al. (1992)",114,NA,48.0263157894737,"7.9",7.1,"Broadcast",0.800000000000001
"131","Stevens et al. (1992)",114,NA,63.1578947368421,"7.9",6.8,"Broadcast",1.1
"132","Stevens et al. (1992)",114,NA,66.7763157894737,"7.9",6.4,"Broadcast",1.5
"133","Stevens et al. (1992)",114,NA,-14.0243902439025,"7.9",7.4,"Broadcast",0.5
"134","Stevens et al. (1992)",114,NA,25.609756097561,"7.9",7.1,"Broadcast",0.800000000000001
"135","Stevens et al. (1992)",114,NA,43.9024390243902,"7.9",6.8,"Broadcast",1.1
"136","Stevens et al. (1992)",114,NA,70.7317073170732,"7.9",6.4,"Broadcast",1.5
"137","Stevens et al. (1992)",114,NA,25.7575757575758,"7.9",7.4,"Broadcast",0.5
"138","Stevens et al. (1992)",114,NA,1.01010101010101,"7.9",7.1,"Broadcast",0.800000000000001
"139","Stevens et al. (1992)",114,NA,55.5555555555556,"7.9",6.8,"Broadcast",1.1
"140","Stevens et al. (1992)",114,NA,78.2828282828283,"7.9",6.4,"Broadcast",1.5
"141","Pain et al. (1990)",115,NA,29.6875,"7.4",5.5,"Broadcast",1.9
"142","Pain et al. (1990)",115,NA,32.1428571428571,"7.4",5.5,"Broadcast",1.9
"143","Pain et al. (1990)",115,NA,62.1621621621622,"7.3",5.5,"Broadcast",1.8
"144","Pain et al. (1990)",115,NA,48.3870967741936,"7.3",5.5,"Broadcast",1.8
