IdProvincia;IdEstacion;Fecha;Año;Dia;Temp Media (ºC);Temp Max (ºC);Hora Temp Max;Temp Mínima (ºC);Hora Temp Min;Humedad Media (%);Humedad Max (%);Hora Hum Max;Humedad Min (%);Hora Hum Mín;Velviento (m/s);DirViento (º);VelVientoMax (m/s);Hora VelMax;Dir viento Vel Max (º);Radiación (MJ/m2);Precipitación (mm);PePMon;EtPMon;Temp Suelo 10 cm (ºC);Temp Suelo 30 cm (ºC),,,,,,,,,,,,,,,,
28;3;01-06-2023;2023;152;18,26;26,83;12:50;12,96;05:20;72,8;94,5;21:00;33,65;12:40;0,84;34,33;6,82;13:25;204,4;19,02;4,26;1,25;3,84;22,1;21,24
28;3;02-06-2023;2023;153;18,03;25,95;17:30;12,47;05:00;76;95,9;05:00;35,67;16:30;0,78;49,09;5,89;17:47;94;23,49;5,48;2,25;4,27;21,98;21,28,,
28;3;03-06-2023;2023;154;19,17;27,36;16:00;11,57;05:00;70,9;97,8;05:00;32,7;15:50;0,87;29,71;6,2;18:19;124,7;26,23;1,01;0;4,8;22,41;21,38,
28;3;04-06-2023;2023;155;20,59;29,31;14:40;14,04;04:50;67,18;93;04:50;32,5;15:00;0,86;33,07;4,64;13:08;147,6;22,26;0;0;4,5;23,21;21,83,,,
28;3;05-06-2023;2023;156;20,47;30,25;13:50;13,97;04:50;68,45;94,2;05:10;27,64;13:40;0,83;12,48;4,82;15:15;327,1;23,95;0;0;4,79;23,87;22,31,,
28;3;06-06-2023;2023;157;22,58;30,85;16:10;12,96;04:30;59,63;96,1;04:40;27,03;15:40;0,86;82,8;4,36;22:15;155,7;27,41;0;0;5,34;24,41;22,71,,
28;3;07-06-2023;2023;158;19,6;21,69;00:00;17,39;08:40;76,6;93,9;08:50;50,96;01:20;0,98;122,4;4,54;03:09;354,2;7,61;2,23;0;2,12;23,26;23,12,
28;3;08-06-2023;2023;159;18,43;21,9;14:30;15,58;03:40;86,1;96;07:00;72,6;14:30;0,8;171,5;3,51;14:52;220,5;9,18;4,06;1,08;2,02;21,59;22,07,
28;3;09-06-2023;2023;160;20,59;26,57;15:20;13,56;05:00;66,68;95,4;05:20;39,25;14:50;2,02;222,9;6,79;18:43;256,3;24,57;0,2;0;5,11;22,03;21,57,
28;3;10-06-2023;2023;161;22,34;29,17;14:30;16,05;04:40;62,83;93,6;04:50;32,83;15:50;1,23;226,4;5,26;11:46;253,4;28,11;0;0;5,6;24,2;22,13,,
28;3;11-06-2023;2023;162;22;28,65;15:00;14,37;05:10;59,35;94,2;04:10;30,89;14:20;1,41;237,8;7,61;12:09;188;26,02;1,62;0;5,37;24,53;23,1,,,
28;3;12-06-2023;2023;163;21,54;29,71;13:40;13,23;04:40;63,74;94,1;23:50;32,77;13:40;0,98;294,3;5,39;17:06;257,8;24,19;6,29;2,89;4,89;24,19;23,15
28;3;13-06-2023;2023;164;20;26,04;15:00;14,04;04:40;71,2;97,9;05:30;34,4;14:40;1,58;285,1;7,36;09:43;256,7;26,57;0,2;0;5,17;23,73;23,19,,
28;3;14-06-2023;2023;165;21,79;29,31;16:00;12,42;04:50;63,35;97;05:40;31,42;16:40;0,71;4,39;3,79;16:05;244,1;27,85;0;0;5,16;24,31;23,06,,,
28;3;15-06-2023;2023;166;23,97;32,46;14:30;14,98;05:00;54,92;91,6;05:20;22,58;15:40;0,64;59,25;4,39;15:00;269,5;29,81;0;0;5,66;25,88;23,74,,
28;3;16-06-2023;2023;167;25,48;34,88;16:00;15,45;04:50;52,1;83,8;04:50;21,57;16:50;0,68;16,25;4,75;13:11;228;28,68;0;0;5,75;26,85;24,55,,,
28;3;17-06-2023;2023;168;27,18;36,23;15:10;16,39;05:10;48,38;82,3;05:10;20,62;15:50;1,33;69,18;7,47;16:00;172,5;25,95;0;0;6,3;27,43;25,25,,
28;3;18-06-2023;2023;169;25,45;34,01;16:20;16,79;04:50;52,94;85,7;04:30;25,28;16:20;1;275,5;5,49;16:57;259,8;24,15;0,41;0;5,45;27,41;25,61,,
28;3;19-06-2023;2023;170;24,78;32,14;15:40;18,53;04:00;60,34;93,5;05:20;27,17;17:10;1,11;317,2;7,8;18:29;140,8;20,38;1,83;0;4,85;27,14;25,76,
28;3;20-06-2023;2023;171;23,44;29,72;13:30;17,6;23:50;58,3;90,3;01:40;32,3;13:20;1,48;240,5;6,67;11:19;248,8;25,55;0;0;5,55;26,54;25,56,,
28;3;21-06-2023;2023;172;20,55;29,78;13:30;14,85;05:00;70,6;97,3;17:40;32,77;14:40;0,88;4,09;6,89;16:41;258,8;16,64;20,91;12,94;3,82;25,2;25,3
28;3;22-06-2023;2023;173;22,09;30,92;16:10;13,97;04:40;68,59;97,5;04:50;30,61;17:10;0,5;22,35;4,35;12:01;261,4;29,17;0;0;5,3;24,71;24,33,,
28;3;23-06-2023;2023;174;24,79;33,88;16:00;15,32;04:10;60,92;94;04:10;27,44;15:20;0,6;59,52;5,72;15:38;131,6;27,13;0;0;5,39;25,94;24,61,,,
28;3;24-06-2023;2023;175;26,85;36,71;18:10;17;03:50;55,18;87,1;04:30;20,69;18:10;0,57;22,38;4,84;10:58;78,3;30,23;0;0;6,02;27,31;25,22,,,
28;3;25-06-2023;2023;176;29,21;38,91;15:30;17,47;04:20;45,55;87,5;00:10;17,65;15:20;0,95;42,24;5,55;23:10;46,46;29,34;0;0;6,59;28,48;26,08,,
28;3;26-06-2023;2023;177;29,82;38,64;14:50;19,88;05:30;39,53;73,5;05:30;14,96;16:40;1,05;345,2;5,14;15:22;265,5;29,06;0;0;6,71;29,4;26,89,,
28;3;27-06-2023;2023;178;27,92;37,3;15:20;19,21;03:40;45,55;77,2;03:20;15,71;17:30;0,9;327,7;4,62;13:19;259,2;27,67;0;0;6,19;29,3;27,35,,
28;3;28-06-2023;2023;179;27,57;36,5;14:40;17,66;05:00;43,48;74,3;00:10;20,76;13:40;0,92;170,9;5,64;15:27;278,5;26,41;0;0;5,93;29,11;27,42,,
28;3;29-06-2023;2023;180;27,2;37,11;14:10;16,2;05:10;43,38;83,7;04:00;13,95;15:50;1,7;301,1;9,24;16:13;285,5;29,18;0;0;7,34;29,06;27,47,,
28;3;30-06-2023;2023;181;24,38;31,47;15:50;16,6;04:40;42,38;69,91;05:30;18,74;15:30;1,08;4,82;5,14;10:12;0,77;30,33;0;0;6,16;28,49;27,4,,
28;3;01-07-2023;2023;182;25,4;33,88;15:10;15,39;05:20;45,58;73,8;05:20;24,33;15:30;0,72;12,52;3,84;10:24;88,9;30,38;0;0;5,94;28,5;27,18,,
28;3;02-07-2023;2023;183;28,08;36,76;16:20;20,02;05:00;45,23;69,38;22:10;21,03;15:50;0,79;1,3;3,96;13:36;224;29,65;0;0;6,29;29,56;27,46,,,
28;3;03-07-2023;2023;184;28,65;36,78;14:10;20,22;05:10;44,65;78,5;04:50;19,01;19:10;1,46;289,3;8,33;13:27;255,3;28,4;0;0;6,94;30,15;27,96,,
28;3;04-07-2023;2023;185;26,78;35,56;15:50;18,07;03:40;49,35;90,1;03:40;19,35;15:10;1;272,9;6,09;16:01;259,4;29,87;0;0;6,4;30,11;28,17,,,
28;3;05-07-2023;2023;186;24,97;34,43;12:00;14,65;05:20;45,02;77,5;01:20;13,35;13:50;0,57;77,8;5,49;12:21;111,4;23;0;0;4,76;28,98;28,08,,,
28;3;06-07-2023;2023;187;26,93;34,49;15:10;19,21;23:20;46,53;82,2;05:50;15,23;14:40;1,21;195,8;5,2;12:59;252,6;28,58;0;0;6,42;29,74;27,9,,
28;3;07-07-2023;2023;188;27,1;35,29;13:30;18,61;23:40;46,36;82,9;05:30;14,96;17:00;1,36;184,7;7,01;15:41;198,8;28,86;0;0;6,69;30,1;28,12,,
28;3;08-07-2023;2023;189;25,98;34,15;15:30;16,86;05:10;38,57;72;23:30;19,01;15:20;1,04;227,1;5,46;12:07;228,3;30,24;0;0;6,32;29,99;28,18,,,
28;3;09-07-2023;2023;190;26,14;36,42;15:30;14,58;05:10;49,32;87,2;05:00;20,56;17:10;0,6;208,3;3,76;11:00;190,9;30,28;0;0;5,93;30,39;28,29,,
28;3;10-07-2023;2023;191;28,43;40,38;15:50;15,45;04:50;48,68;79,6;23:20;17,92;13:40;0,52;7,7;3,4;13:45;284;28,98;0;0;5,9;31,07;28,57,,,
28;3;11-07-2023;2023;192;28,88;39,32;14:20;18,28;23:50;44,27;85,1;00:50;14,56;18:30;1,2;232,2;5,73;16:36;248,8;28,6;0;0;6,85;31,86;29,07,,
28;3;12-07-2023;2023;193;25,48;33,75;15:30;15,39;05:00;39,4;75,2;05:20;14,76;17:00;1,3;223,6;6,23;16:40;276,6;22,36;0;0;5,58;30,13;29,07,,
28;3;13-07-2023;2023;194;26,46;37,44;16:10;14,98;05:10;43,13;78,1;05:10;20,56;13:10;0,8;229,2;5,29;15:29;217,1;29,71;0;0;6,18;30,44;28,59,,
28;3;14-07-2023;2023;195;27,97;36,77;14:10;15,99;04:40;43,07;84,3;05:40;17,79;15:50;1,18;232,6;5,99;13:41;263;29,66;0;0;6,61;31,45;28,92,,,
28;3;15-07-2023;2023;196;25,74;32,48;16:00;19,08;23:20;44,64;72;03:20;18,41;17:00;1,67;240,5;6,43;13:00;296,6;29,73;0;0;6,81;31,36;29,19,,,
28;3;16-07-2023;2023;197;25,58;35,62;15:50;13,98;05:10;45,72;87,3;04:30;18,94;17:40;0,69;267;4,33;15:08;276,4;29,84;0;0;5,85;31,07;29,11,,,
28;3;17-07-2023;2023;198;28,13;41,66;16:10;15,72;05:20;50,04;84,1;05:10;15,09;17:20;0,57;19,17;4,22;16:44;239,2;27,36;0;0;5,8;31,77;29,21,,
28;3;18-07-2023;2023;199;31,24;39,18;15:10;21,49;05:30;40,6;78,6;05:30;16,85;14:20;0,89;244,7;4,8;14:23;233,3;25,67;0;0;6,02;32,7;29,64,,
28;3;19-07-2023;2023;200;29,21;38,84;14:30;19,88;04:30;41,34;79,4;03:10;20,55;14:20;1,16;223,6;5,66;13:09;306,6;27,51;0;0;6,59;33,18;30,05,,
28;3;20-07-2023;2023;201;27,35;35,43;15:00;17,47;05:20;34,95;77,5;00:50;14,09;17:00;1,61;241,4;7,12;16:56;236,4;29,4;0;0;6,98;32,6;30,19,,
28;3;21-07-2023;2023;202;25,26;33,41;14:20;15,32;05:10;42,09;81,3;05:10;21,77;14:30;1,1;237;5,26;17:16;275,2;27,67;0;0;5,87;31,8;29,94,,,
28;3;22-07-2023;2023;203;24,43;35,47;15:30;12,57;05:00;47,08;88,4;03:10;18,13;14:40;0,67;287,2;3,68;16:59;271,4;27,45;0;0;5,42;31,24;29,62,,
28;3;23-07-2023;2023;204;25,7;36,5;14:50;13,5;04:50;46,87;91,2;04:40;12,6;16:10;1,02;248,2;6,03;14:34;259,6;28,75;0;0;6,17;31,47;29,45,,
28;3;24-07-2023;2023;205;24,67;32,75;15:00;15,25;05:40;39,85;77,7;00:10;19,28;16:00;1,93;241,2;8,16;16:00;270,8;29,1;0;0;6,81;31,1;29,41,,
28;3;25-07-2023;2023;206;23,33;32,53;16:30;11,76;05:10;45,17;88,3;04:40;17,8;16:00;0,78;237,2;4,31;16:14;278,5;29,12;0;0;5,5;30,8;29,17,,
28;3;26-07-2023;2023;207;25,05;35,75;15:20;13,84;05:40;42,75;78,1;23:00;16,45;18:20;0,62;42,58;3,56;13:44;307,9;29,05;0;0;5,56;31,05;29,07,,
28;3;27-07-2023;2023;208;27,02;34,42;15:10;17,93;23:40;40,96;78,9;05:30;13,68;16:30;1,3;249;5,43;14:21;299,4;28,87;0;0;6,41;31,79;29,28,,,
28;3;28-07-2023;2023;209;25,04;35,43;14:40;13,84;04:20;45,8;88,3;02:40;17,86;14:50;0,84;243,5;4,49;15:52;290,7;28,43;0;0;5,75;31,48;29,34,,
28;3;29-07-2023;2023;210;26,46;35,69;16:00;14,17;05:30;42,46;84,4;02:50;19,21;16:20;1,13;229,3;5,64;12:37;306,1;28,74;0;0;6,18;31,66;29,36,,
28;3;30-07-2023;2023;211;27,98;37,22;14:30;16,46;05:00;45,99;91,8;05:00;19,81;16:50;1,03;238,2;5,72;15:30;279,1;28,39;0;0;6,2;32,46;29,56,,
28;3;31-07-2023;2023;212;27,51;37,9;14:10;16,46;04:40;43,83;90,5;04:50;11,39;15:30;0,78;234,5;4,58;14:50;265,5;28,58;0;0;5,92;32,8;29,87,,
28;3;01-08-2023;2023;213;27,26;37,7;15:30;16,47;05:00;40,86;81,6;23:30;13,28;14:10;0,74;242,7;4,42;12:55;281,6;28,46;0;0;5,81;32,73;30,02,,
28;3;02-08-2023;2023;214;26,99;35,82;15:40;15,45;04:30;46,96;90,2;04:30;20,49;15:40;1,31;252,2;5,64;15:15;258,8;28,11;0;0;6,29;32,65;30,09,,
28;3;03-08-2023;2023;215;25,88;33,67;14:30;17,73;23:20;44,42;89,6;02:10;13,28;16:40;1,15;291,1;5,82;20:21;347,7;28,16;0;0;5,99;32,79;30,17,,
28;3;04-08-2023;2023;216;22,7;30,05;16:20;14,78;05:40;39,17;68,36;05:40;18,54;17:30;1,03;4,62;5,01;12:09;353;28,51;0;0;5,49;31,18;29,96,,,
28;3;05-08-2023;2023;217;22,9;34,88;16:40;11,21;04:10;49,13;89,5;04:10;15,43;16:30;0,47;111,4;3,54;00:02;87,3;28,05;0;0;4,98;30,69;29,39,,
28;3;06-08-2023;2023;218;26,44;37,76;17:10;13,91;05:20;39,78;86,2;01:00;16,44;13:40;0,55;79,1;3,48;16:03;263,4;27,83;0;0;5,35;31,33;29,27,,
28;3;07-08-2023;2023;219;26,61;37,56;16:10;17,4;05:40;43,63;78,9;20:40;20,08;16:10;0,64;47,15;3,04;15:33;223,9;27,49;0;0;5,53;32,15;29,5,,
28;3;08-08-2023;2023;220;28,62;39,3;14:20;19,81;05:40;53,6;87,4;05:40;20,08;16:50;0,63;128,3;3,85;00:43;302,3;25,47;0;0;5,45;32,94;29,85,,
28;3;09-08-2023;2023;221;29,25;39,92;14:40;19,07;05:10;50,47;85,6;23:30;21,16;14:40;0,54;235;3,2;16:12;243,1;20,55;0;0;4,63;32,98;30,17,,,
28;3;10-08-2023;2023;222;28,71;38,1;15:30;16,93;23:50;39,13;88,6;23:40;10,38;14:00;1,08;236,1;6,45;12:54;295,7;27,66;0;0;6,15;33,24;30,36,,
28;3;11-08-2023;2023;223;26,33;39,97;14:50;13,77;05:00;50;91,9;00:30;13,21;13:10;0,42;103,5;2,73;15:20;232,3;27,16;0;0;5,09;32,39;30,28,,,
28;3;12-08-2023;2023;224;27,55;39,17;14:40;15,59;04:30;45,67;75,8;02:00;14,69;16:40;0,49;17,51;3,72;14:40;275,7;26,75;0;0;5,12;32,71;30,23,,
28;3;13-08-2023;2023;225;27,93;37,83;15:00;17,73;03:20;45,08;84,3;05:00;10,65;18:50;1,09;201,6;6,74;16:23;270,3;26,7;0;0;6,02;33,07;30,39,,
28;3;14-08-2023;2023;226;25,55;36,36;14:10;14,44;04:20;46,85;87,3;06:00;14,76;17:50;0,74;260,8;4,26;16:23;258,8;26,2;0;0;5,24;32,35;30,35,,
28;3;15-08-2023;2023;227;25,42;37,76;14:40;12,43;05:10;46,12;85,1;05:10;13,95;14:30;0,63;264,7;3,86;17:47;264,1;25,02;0;0;4,96;31,83;30,13,,
28;3;16-08-2023;2023;228;25,23;36,82;16:10;13,3;05:30;48,56;87,4;00:10;16,78;14:20;0,58;244,6;3,94;13:17;288,8;26,38;0;0;5,01;31,77;29,97,,
28;3;17-08-2023;2023;229;25,58;36,28;15:40;13,97;04:50;48,62;88,3;04:40;19,54;14:40;0,66;235,7;5,19;13:56;270,2;26,22;0;0;5,1;31,78;29,89,,
28;3;18-08-2023;2023;230;24,5;34,69;14:30;14,18;05:50;48,57;84,6;05:20;16,78;15:20;0,85;211,5;5,02;15:01;281,4;23,67;0;0;4,91;31,14;29,78,,
28;3;19-08-2023;2023;231;25,85;37,02;14:30;14,64;04:40;47,95;88,4;00:20;16,71;17:00;0,68;191,6;3,84;12:39;244,8;25,77;0;0;5,09;31,31;29,54,,
28;3;20-08-2023;2023;232;27,34;39,58;17:40;15,51;03:40;45,63;85,1;03:40;14,55;15:40;0,49;153,6;4,05;12:49;247,2;25,99;0;0;4,97;31,95;29,65,,
28;3;21-08-2023;2023;233;30,51;41,64;14:20;19,54;00:10;38,67;77;00:10;15,43;16:20;0,57;83,5;3,58;14:46;121,8;24,91;0;0;5,19;32,75;29,93,,,
28;3;22-08-2023;2023;234;31,51;39,64;14:10;21,69;05:30;28,84;53,65;03:30;16,3;14:00;0,87;93,3;4,62;23:01;108,6;25,08;0;0;5,53;33,29;30,29,,
28;3;23-08-2023;2023;235;29,83;39,04;13:40;19,49;05:40;33,12;68,85;04:10;14,69;13:10;0,67;95;4,88;12:57;53,01;25,21;0;0;5,14;33,37;30,54,,,
28;3;24-08-2023;2023;236;29,39;39,84;14:30;18,2;04:50;34,89;72,4;22:20;13,88;16:00;0,71;213,2;3,49;12:42;290,5;24,94;0;0;5,2;32,85;30,53,,
28;3;25-08-2023;2023;237;28,12;38,03;13:50;15,65;05:10;38,95;89;05:10;14,22;15:40;1,19;221,4;7,37;15:45;279,2;23,69;0;0;5,59;32,42;30,47,,,
28;3;26-08-2023;2023;238;26,56;32,76;15:40;18,52;23:20;35,03;73;06:30;16,33;20:50;1,62;244,4;7,19;12:05;235,8;12,26;0,2;0;4,44;30,97;30,28,,
28;3;27-08-2023;2023;239;20,11;25,96;15:00;13,77;06:30;46,04;81,5;06:50;24,21;17:00;1,3;335,7;8,28;08:21;25,79;24,09;0;0;4,53;28,79;29,26,,
28;3;28-08-2023;2023;240;19,83;29,37;15:10;8,46;05:20;52,09;93,7;03:50;24,34;16:20;0,68;269,3;5,7;14:45;314,8;25,2;0;0;4,23;27,87;28,41,,
28;3;29-08-2023;2023;241;22,01;30,51;15:00;12,55;05:50;48,61;85,7;05:40;26,22;14:50;0,7;357,1;4,29;15:26;285,1;22,94;0;0;4,16;28,5;28,11,,
28;3;30-08-2023;2023;242;21,15;29,83;15:50;13,03;05:30;50,83;85,6;23:50;21,64;14:50;0,57;49,99;3,24;13:37;333;23,77;0;0;4,05;28,62;28,05,,,
28;3;31-08-2023;2023;243;22,08;33,6;14:40;11,89;04:00;54,46;88,9;01:50;19,21;14:40;0,55;39,73;3,53;13:49;261,1;24,18;0;0;4,25;28,47;27,86,,
28;3;01-09-2023;2023;244;23,13;33,88;15:40;12,09;04:30;53,2;88,5;23:50;22,24;13:50;0,6;226,9;6,52;18:06;268,5;21,24;0;0;4,02;28,85;27,86,,
28;3;02-09-2023;2023;245;18,19;24,3;11:20;13,97;05:40;85,5;97,6;23:40;58,37;10:50;0,7;49,22;4,44;11:10;77,4;9,55;50,14;29,72;2,05;26,12;27,75
28;3;03-09-2023;2023;246;18,54;23,11;19:00;15,71;00:00;91,1;98;01:20;72,4;19:00;0,91;69,33;6,32;18:42;94,2;3,46;22,94;14,13;1,22;22,04;25,61,
28;3;04-09-2023;2023;247;19,39;25,96;17:10;16,31;04:10;88;98,2;06:00;56,11;17:10;0,47;338,9;2,76;03:28;231,2;10,46;7,51;3,8;2,14;22,25;23,92,
28;3;05-09-2023;2023;248;21,5;29,1;15:10;15,11;06:10;79,5;97,7;06:40;46,18;15:10;0,4;351,6;2,82;12:55;287,9;18,25;0,2;0;3,23;23,3;23,8,
28;3;06-09-2023;2023;249;22,86;30,17;16:00;17,87;00:30;77,8;97;02:30;45,77;16:10;0,45;48,84;3,41;09:35;68,2;17,62;0,2;0;3,29;24,32;24,31,,
28;3;07-09-2023;2023;250;24,21;31,45;14:40;18,6;05:40;72;91,2;05:40;35,52;14:30;0,49;35,26;2,61;09:16;104,8;18,28;0;0;3,49;24,96;24,7,,,
28;3;08-09-2023;2023;251;24,38;31,99;15:00;18,34;06:00;70,9;95,7;04:10;33,16;16:30;0,49;58,69;3,59;16:04;109,5;20,18;0;0;3,73;25,7;25,17,,
28;3;09-09-2023;2023;252;23,03;28,43;11:40;18,07;05:40;76,5;95,2;23:20;44,7;12:20;0,45;106,8;3,74;12:13;231,5;15,17;4,87;1,75;2,9;25,52;25,5
28;3;10-09-2023;2023;253;22,89;31,45;15:10;16,52;05:30;75,2;97,7;06:20;33,43;16:10;0,43;64,71;3,35;13:22;325;18,78;3,04;0,21;3,39;25,24;25,37,
28;3;11-09-2023;2023;254;21,43;27,97;15:00;15,92;22:30;74,3;97,3;03:00;38,09;15:20;0,74;238,4;3,39;14:50;262,5;20,45;2,64;0;3,61;25,07;25,33,
28;3;12-09-2023;2023;255;20,23;28,04;16:50;15,52;23:50;77,2;96,2;03:00;36,48;16:40;0,41;187,9;2,53;12:16;259,8;15,34;0,41;0;2,75;24,12;24,98,
28;3;13-09-2023;2023;256;20,82;29,78;17:20;13,17;06:10;71;95,7;06:20;30,4;16:30;0,43;64,4;3,04;12:53;277,6;21,76;0;0;3,48;23,56;24,39,,,
28;3;14-09-2023;2023;257;22,31;28,44;13:40;16,66;06:20;73,1;91,5;04:40;50,86;16:40;0,52;45,58;3,35;09:30;74,3;12,46;0;0;2,51;23,66;24,25,,
28;3;15-09-2023;2023;258;21,53;27,38;13:00;16,72;06:20;75,7;96,6;06:50;44,84;14:10;0,62;355,1;4,21;06:12;327,8;17,71;4,87;1,75;3,14;24,11;24,18
28;3;16-09-2023;2023;259;19,59;24,29;14:00;14,85;04:40;78,3;95,2;04:40;49,45;14:50;0,45;170;3,35;12:15;101,9;9,48;0,41;0;1,94;22,9;24,02,,
28;3;17-09-2023;2023;260;17,15;19,81;15:10;13,83;23:20;90,2;97,4;06:00;71,4;15:00;0,51;195,9;4,73;11:43;259,1;7,51;13,8;8,26;1,5;21,94;23,4
28;3;18-09-2023;2023;261;16,47;23,42;16:00;11,01;05:30;83,4;98,1;07:30;53,03;16:00;0,36;258,8;2,81;14:38;246,3;14,28;0;0;2,25;20,72;22,48,,
28;3;19-09-2023;2023;262;17,23;26,02;14:10;10,07;06:10;77,7;98,4;06:00;35,27;14:50;0,41;23,73;2,65;14:59;221,8;19,42;0,2;0;2,86;20,54;21,94,
28;3;20-09-2023;2023;263;17,76;26,23;13:30;10,08;04:50;72,2;98,1;06:50;41,28;13:20;0,85;250,4;5,16;14:46;309,5;19,82;0;0;3,19;20,5;21,69,,
28;3;21-09-2023;2023;264;17,12;21,48;16:10;13,23;06:10;75,7;90,3;06:30;59,66;11:10;1,21;226,9;4,69;12:31;262,7;10,22;0,2;0;2,1;19,88;21,47,
28;3;22-09-2023;2023;265;15,18;22,46;14:40;8,66;06:20;68,05;95,9;23:40;34,2;14:20;0,83;300;4,84;10:39;276,2;20,41;0;0;2,96;19,58;21,01,,,
28;3;23-09-2023;2023;266;14,7;24,68;14:20;6,64;05:50;72,4;96,8;02:50;32,5;15:40;0,4;51,03;2,68;11:58;269,7;20,62;0;0;2,71;18,72;20,52,,
28;3;24-09-2023;2023;267;16,68;28,77;14:50;6,84;06:10;72,6;95,8;06:40;29,66;15:10;0,41;35,02;2,61;10:24;82,6;20,45;0;0;2,88;18,75;20,14,,
28;3;25-09-2023;2023;268;17,74;29,24;13:50;8,26;05:40;70,8;95,4;04:50;30,82;13:10;0,47;23,07;2,51;07:21;47,5;20,38;0,2;0;2,98;19,03;20,06,
28;3;26-09-2023;2023;269;19,21;30,32;15:40;11,28;06:20;67,51;93,8;21:10;27,57;15:30;0,42;49,92;2,88;10:40;91,9;19,82;0;0;2,96;19,46;20,13,,
28;3;27-09-2023;2023;270;19,44;30,72;14:40;11,08;06:20;71,2;95,8;23:00;29,66;14:40;0,47;63,25;2,66;13:10;297,5;19,19;0;0;2,98;19,79;20,26,,
28;3;28-09-2023;2023;271;19,52;30,78;14:40;10,47;05:40;69,44;96,4;06:10;28,52;14:40;0,51;21,19;3,66;15:21;252,9;19,21;0;0;2,99;19,94;20,42,,
28;3;29-09-2023;2023;272;20,44;32,4;14:30;11,55;05:50;66,56;93,5;04:10;25,21;15:20;0,42;29,47;2,36;14:24;259,2;19,27;0;0;2,94;19,98;20,47,,
28;3;30-09-2023;2023;273;21,42;33,41;14:30;13,57;02:10;64,23;93,2;02:40;22,72;16:20;0,52;59,83;3,35;12:49;78,8;19,12;0;0;3,13;20,35;20,6,,
28;3;01-10-2023;2023;274;20,53;33,6;15:00;11,08;04:50;64,84;93,4;05:00;21,97;15:20;0,5;30,43;3,02;10:23;274,7;19,13;0;0;3,04;20,16;20,68,,
28;3;02-10-2023;2023;275;20,04;33,14;14:50;9,47;05:20;62,32;92;05:30;17,59;15:20;0,48;29,63;2,68;12:18;305,1;19,01;0;0;2,9;19,87;20,6,,,
28;3;03-10-2023;2023;276;19,58;32,73;15:00;10,48;05:20;64,8;90;21:50;25,55;16:20;0,42;51,61;2,68;10:21;328;17,48;0;0;2,71;19,81;20,52,,,,
28;3;04-10-2023;2023;277;20,24;31,92;15:00;11,55;05:10;68,87;92,2;05:10;28,45;16:10;0,46;51,48;3,15;13:12;91,2;17,47;0;0;2,72;20,07;20,48,,
28;3;05-10-2023;2023;278;20,52;33,07;14:00;11,82;05:30;65,65;94,1;06:30;24,06;15:10;0,43;45,19;2,78;10:58;104,6;17,72;0;0;2,73;20,17;20,57,,
28;3;06-10-2023;2023;279;20,02;34,35;14:40;10,21;06:10;61,24;91,5;06:50;20,69;15:30;0,5;67,5;2,74;15:28;285,7;17,79;0;0;2,83;19,92;20,55,,
28;3;07-10-2023;2023;280;19,96;33,14;15:20;11,42;05:20;58,09;86,6;20:20;21,37;14:10;0,5;55,64;2,48;12:20;105,3;16,91;0;0;2,71;19,87;20,46,,
28;3;08-10-2023;2023;281;19,17;32,19;14:20;10,21;06:00;64,98;91,1;21:40;25,08;15:40;0,37;46,41;2,07;12:38;309,9;16,75;0;0;2,43;19,73;20,4,,
28;3;09-10-2023;2023;282;19,32;30,72;15:50;11,42;22:50;61,96;92,4;23:00;22,58;15:50;0,39;24,87;2,19;12:16;330,9;16,16;0;0;2,35;19,8;20,36,,
28;3;10-10-2023;2023;283;17,7;29,9;15:10;9,13;06:30;65,12;90,2;23:00;26,49;15:30;0,4;39,39;2,42;12:18;342,7;16,31;0;0;2,28;19,31;20,21,,
28;3;11-10-2023;2023;284;16,86;30,52;14:20;8,06;03:00;65,48;92,9;03:10;21,23;15:00;0,42;27,43;2,51;14:52;268,7;16,7;0;0;2,3;18,86;19,95,,
28;3;12-10-2023;2023;285;17,37;31,12;14:10;7,52;06:20;61,47;90,2;06:50;20,36;14:30;0,39;39,8;2,44;14:17;310,3;16,45;0;0;2,22;18,72;19,72,,
28;3;13-10-2023;2023;286;18,9;29,66;14:50;9,19;04:20;56,71;90,2;04:20;27,11;14:50;0,53;341;3,75;15:28;243,1;13,8;0;0;2,23;19,01;19,64,,,
28;3;14-10-2023;2023;287;17,31;23,95;15:10;12,09;23:20;83,8;97,7;07:20;54,77;12:50;0,39;119,7;2,66;10:21;236,9;11,98;4,06;1,08;1,74;19,89;19,88
28;3;15-10-2023;2023;288;16,76;24,42;13:00;10;06:10;82,6;98,4;07:10;45,8;13:00;0,37;323,7;2,84;20:51;301,3;11,98;1,62;0;1,7;18,59;19,68,,
28;3;16-10-2023;2023;289;18,02;23,55;14:10;13,76;05:30;83,3;98,1;07:30;52,14;14:30;0,48;220,9;5,34;14:37;257,8;10,65;0,2;0;1,67;19,65;19,7,
28;3;17-10-2023;2023;290;20,64;27,86;13:00;15,38;05:30;66,65;94,7;02:30;36,09;13:10;1,44;191,9;7,47;15:20;247,1;9,26;0,61;0;2,58;19,61;19,83,
28;3;18-10-2023;2023;291;18,22;23,38;12:40;14,37;06:50;81,6;97,3;06:20;51,89;15:10;1,54;225,3;6,08;14:10;231,3;10,62;6,9;3,34;2,13;19,59;19,87
28;3;19-10-2023;2023;292;15,72;21,03;14:00;10,73;23:50;89,2;98,5;19:30;70,4;01:40;1,79;214,8;10,05;15:23;209,8;1,8;50,14;29,66;1,16;17,97;19,6
28;3;20-10-2023;2023;293;13,47;18,13;14:10;9,86;23:40;78,3;96,2;00:10;59,01;16:00;2,9;252,6;7,91;09:58;269,7;8,78;0;0;1,93;16,73;18,58,,
28;3;21-10-2023;2023;294;11,78;17,97;13:10;7,18;05:50;79,8;95;06:10;46,63;14:40;0,82;217,2;3,73;12:37;278,6;14;0;0;1,67;15,79;17,7,,,,
28;3;22-10-2023;2023;295;12,09;16,86;12:10;7,85;03:10;85,1;98,2;21:30;54,29;12:20;0,83;65,49;7,1;21:53;78,8;5,6;23,55;14,5;1,18;15,24;17,16
28;3;23-10-2023;2023;296;13,4;18,65;12:50;9,46;07:10;88,3;98,2;20:40;59,25;11:40;0,65;214;4,88;15:46;275,3;8,41;4,26;1,25;1,28;15,52;16,71,
28;3;24-10-2023;2023;297;12,49;17,45;13:30;8,45;04:50;84,2;97,9;00:00;56,98;13:30;1,08;224,1;5,22;14:25;243,2;9,42;0,41;0;1,43;15,3;16,64,
28;3;25-10-2023;2023;298;15,67;18,94;13:10;12,22;01:10;85,3;97,8;04:50;71,2;15:30;1,49;238,8;6,47;09:41;273,2;6,66;0,61;0;1,29;15,98;16,6,
28;3;26-10-2023;2023;299;16,92;21,69;12:40;12,83;23:40;84,6;95,8;15:20;65,8;12:40;2,04;232,3;7,6;16:50;280,8;5,99;8,12;4,26;1,6;16,78;16,93
28;3;27-10-2023;2023;300;13,63;18,52;12:50;9,26;04:00;80,1;94,9;00:10;61,43;11:50;1,62;229;6,33;09:49;270,4;9,77;0;0;1,58;16,06;17,03,,,
28;3;28-10-2023;2023;301;14,81;19,06;12:30;9,53;03:30;78,7;97;05:10;57,85;12:30;1,37;218,2;5,94;11:53;243,4;9;0,41;0;1,52;15,56;16,74,,,
28;3;29-10-2023;2023;302;16,1;20,94;12:00;12,69;06:50;73,7;92,9;23:50;52,23;12:00;1,25;205,8;5,87;11:16;190,1;7,86;1,22;0;1,62;15,9;16,62,
28;3;30-10-2023;2023;303;12,92;16,71;13:20;7,11;23:40;80,6;95,7;07:20;50,5;14:20;1,73;228,7;6,44;12:29;280,2;10,4;2,23;0;1,64;15,77;16,67,
28;3;31-10-2023;2023;304;9,18;15,1;15:30;5,3;02:10;91,5;97,9;06:20;74,4;14:10;0,31;42,19;1,93;14:39;323,3;6,8;0;0;0,84;13,78;16,1,,
28;3;01-11-2023;2023;305;12,07;17,54;11:50;4,76;01:40;90,6;98,3;05:30;71,6;11:50;0,99;222,5;4,94;11:24;234,1;3,82;1,42;0;0,93;13,4;15,34,
28;3;02-11-2023;2023;306;13,33;17,67;08:20;6,84;23:50;81,1;95,6;10:10;57,46;13:00;3,16;245,7;12,89;13:43;263,7;7,38;9,14;5,01;1,82;14,55;15,33
28;3;03-11-2023;2023;307;11,08;15,25;15:10;6,84;00:10;79,2;85,6;02:30;70,4;15:30;2,68;246,8;7,4;13:46;268,5;7,18;0,61;0;1,41;13,46;15,16,
28;3;04-11-2023;2023;308;13,59;17,6;14:40;10,34;23:50;78,4;93,4;16:40;69,28;14:40;3,1;234,8;9,99;17:47;255,1;2,58;1,62;0;1,39;13,64;14,88,
28;3;05-11-2023;2023;309;11,41;16,3;13:30;6,98;22:50;75,7;93,9;22:20;52,46;15:30;2,11;244,1;6,01;14:35;265;10,33;0;0;1,64;13,27;14,71,,,
28;3;06-11-2023;2023;310;8,99;14,82;14:10;4,22;06:40;79,4;96,6;07:10;47,32;12:50;1,01;227,9;4,7;16:47;281,1;11,38;0;0;1,23;12,12;14,3,,
28;3;07-11-2023;2023;311;6,48;12,74;13:00;-0,16;06:20;86,1;98,9;06:30;59,96;13:00;0,91;225,5;5,75;15:50;281,1;9,15;0,2;0;0,95;10,83;13,63,
28;3;08-11-2023;2023;312;8,6;14,95;13:10;2,06;04:00;86,6;98,5;04:20;60,96;13:20;0,53;195,2;3,56;14:16;282,5;9,19;0,2;0;0,9;10,7;12,97,
28;3;09-11-2023;2023;313;12,15;17,65;13:50;9,2;23:50;82,4;96;07:50;56,5;16:10;1,05;222,6;4,88;13:25;289,6;8,64;0,61;0;1,21;12,27;13,04,,
28;3;10-11-2023;2023;314;11,82;17,1;13:50;6,04;06:50;80,6;96,1;06:30;53,32;13:30;1,49;234,9;5,16;13:56;269,6;11,39;0,41;0;1,4;12,09;13,23,
28;3;11-11-2023;2023;315;15,26;17,8;14:00;12,69;00:10;84,6;89,6;00:20;77,1;14:00;2,45;242,8;6,98;11:04;254,9;3,36;0;0;1,17;13,41;13,51,,
28;3;12-11-2023;2023;316;15,66;21,15;12:10;11,88;01:00;85,3;96;23:50;63,56;13:10;1,54;237,7;4,77;11:00;258,1;8,99;0;0;1,43;14,04;13,99,,,
28;3;13-11-2023;2023;317;15,74;21,4;13:50;8,59;23:10;84,5;97,9;23:40;58,16;14:20;0,9;221;3,99;13:06;264,8;9,06;0;0;1,22;14,79;14,5,,,
28;3;14-11-2023;2023;318;10,85;20,32;14:40;6,51;04:40;92,1;98,5;09:30;63,35;15:10;0,31;80,9;2,62;11:43;344,2;8,74;0;0;0,86;13,22;14,51,,
28;3;15-11-2023;2023;319;10,44;13,69;15:10;5,56;01:10;96,5;98,6;08:10;88,1;15:20;0,31;69,79;1,88;08:29;88,9;3,14;0,2;0;0,59;12,65;14,07,
28;3;16-11-2023;2023;320;11,26;14,16;16:00;9,05;03:50;96,7;98,8;09:40;89,5;16:00;0,39;78,8;2,16;22:14;283,6;3,4;0,2;0;0,6;13,2;13,94,
28;3;17-11-2023;2023;321;11,94;16,96;15:20;8,66;23:50;93,3;98,3;09:20;75,5;14:40;0,35;8,53;2;09:16;78,1;5,79;0,41;0;0,72;13,68;14,11,,
28;3;18-11-2023;2023;322;10,55;20,45;15:40;6,17;21:40;91;98,8;10:30;50,87;15:40;0,37;51,58;2,34;11:29;319,3;8,51;0;0;0,86;13,13;14,11,,,
28;3;19-11-2023;2023;323;9,57;20,66;14:00;3,41;06:20;88,9;99,1;06:30;53,23;14:30;0,27;30,63;1,98;10:30;325;10,34;0,2;0;0,78;11,42;13,62,,
28;3;20-11-2023;2023;324;9,46;19,18;14:50;3,01;05:30;88,8;99,1;05:20;61,67;15:00;0,43;169,6;2,62;13:57;227,1;8,72;0,2;0;0,8;10,74;12,96,
28;3;21-11-2023;2023;325;7,58;15,69;13:20;1,18;07:30;79,1;99,3;07:30;47,18;13:30;0,56;33,8;4,66;14:14;0;9,47;0,2;0;0,81;9,99;12,48,,
28;3;22-11-2023;2023;326;7,48;16,5;13:30;-0,63;07:20;74,3;98,1;07:30;45,09;15:00;0,95;337,2;5,71;11:23;7,67;9,99;0;0;1,04;8,98;11,81,,
28;3;23-11-2023;2023;327;4,85;15,82;15:20;-2,51;07:00;75,2;98,2;07:50;31,66;14:10;0,38;215,4;2,04;12:14;330;10,5;0;0;0,67;8,04;11,19,,,
28;3;24-11-2023;2023;328;4,16;16,29;15:30;-3,32;07:10;80,5;98,5;08:00;37,33;15:50;0,34;80,8;2,61;15:04;243,6;10,15;0,2;0;0,64;6,85;10,36,
28;3;25-11-2023;2023;329;4,84;18,38;14:50;-2,65;07:30;84,5;99,4;07:50;41,1;14:50;0,26;87,7;2,17;13:53;238,1;9,73;0;0;0,6;6,35;9,66,,
28;3;26-11-2023;2023;330;6,6;16,9;14:50;-0,9;07:10;83,8;99,7;07:10;44,89;15:10;0,34;79,6;2,07;08:34;71,4;8,77;0,2;0;0,64;6,44;9,19,
28;3;27-11-2023;2023;331;7,3;14,23;13:30;0,32;06:40;89,6;99,2;07:00;68,26;14:10;1,27;225,6;6,1;13:42;243,2;6,53;0;0;0,81;7,46;9,19,,
28;3;28-11-2023;2023;332;10,37;14,91;15:40;8,05;01:10;91,2;97,6;23:10;74,4;15:40;1,98;218,9;5,62;16:14;214,8;2,58;0,2;0;0,88;8,97;9,56,
28;3;29-11-2023;2023;333;12,97;17,13;14:40;10,13;19:00;90,8;97,2;04:50;75,7;14:50;1,25;216,3;5,48;21:56;205,4;4,16;1,22;0;0,81;10,39;10,23,
28;3;30-11-2023;2023;334;13,68;18,54;15:10;9,19;07:00;89,9;98,3;23:50;70,4;15:10;2,06;212,7;8,86;14:00;213,9;3,04;22,94;14,12;1,07;11,1;10,91
28;3;01-12-2023;2023;335;9,15;15,73;02:00;4,08;23:10;84,2;98,4;00:40;57,06;15:20;2,43;243;7,18;00:47;214;7,85;14,62;8,8;1,3;11,49;11,51,,
28;3;02-12-2023;2023;336;5,25;12,47;12:40;0,31;22:40;86,8;98,5;23:50;56,26;15:10;1,07;219,1;4,68;12:23;269,3;8,38;0;0;0,77;9,27;11,24,,
28;3;03-12-2023;2023;337;4,09;11,39;14:10;-1,71;04:20;90,2;99,9;07:40;65,17;14:40;0,38;66,87;2,56;11:20;316,7;8,06;0,2;0;0,48;7,66;10,34,
28;3;04-12-2023;2023;338;7,41;12,95;15:00;3,27;23:10;88,6;98,1;23:50;71,5;15:00;1,36;230,3;6,06;15:05;225,3;4,56;0,61;0;0,73;8,5;9,9,
28;3;05-12-2023;2023;339;5,18;9,72;14:50;1,19;05:30;91,6;99,4;05:30;69,99;13:50;0,5;60,93;2,88;01:04;237,7;5,26;0,41;0;0,5;7,89;9,75,
28;3;06-12-2023;2023;340;5,56;11,41;14:10;1,25;07:30;91,7;99;23:50;73;14:20;0,28;53,71;1,47;12:16;337,9;5,53;1,01;0;0,46;7,92;9,55,,,
28;3;07-12-2023;2023;341;6,13;10,66;13:20;1,12;06:20;96;99,5;05:50;80,7;12:50;0,4;63,7;3,98;21:01;257;3,94;8,53;4,55;0,47;7,4;9,25,,
28;3;08-12-2023;2023;342;9,22;14,09;13:20;3,48;23:20;82,9;98,5;02:10;50,04;12:50;1,81;252,6;6,41;12:50;298,1;7,23;0,41;0;1,11;8,59;9,35,
28;3;09-12-2023;2023;343;9,8;14,23;13:30;2,74;01:40;91,5;97,7;02:00;80,9;13:40;1,58;202,1;5,82;15:13;231,8;3,64;0;0;0,67;8,5;9,45,,
28;3;10-12-2023;2023;344;12,53;14,77;13:20;11,07;23:00;92,6;98;23:50;82,5;13:40;0,63;225,1;3,1;13:39;269,2;2,26;0,2;0;0,58;10,23;9,91,,
28;3;11-12-2023;2023;345;11,22;15,64;11:50;6,84;23:20;88;98,2;00:30;64,89;11:50;0,51;190,7;2,66;09:51;160,2;6,02;0;0;0,62;10,84;10,55,,,
28;3;12-12-2023;2023;346;10,01;17,18;15:20;4,42;05:00;91,5;98,7;10:30;71,4;14:30;0,8;246;4,55;15:29;237,3;6,28;0,61;0;0,68;10,01;10,69,,
28;3;13-12-2023;2023;347;10,27;14,09;13:40;4,69;21:50;74,5;95,6;00:00;48,41;13:00;2,29;271,3;7,92;02:08;253,4;7,7;0;0;1,27;10,5;10,84,,
28;3;14-12-2023;2023;348;5,46;13,4;15:00;-1,44;07:50;79,8;98,4;08:10;47,12;14:30;0,54;209,4;2,95;12:40;189,3;8,83;0;0;0,55;8,19;10,49,,
28;3;15-12-2023;2023;349;5,02;15,96;14:00;-1,84;07:40;84,4;99,3;08:00;48,6;15:40;0,52;51,36;3,53;13:07;329,5;8,86;0,2;0;0,6;6,86;9,63,
28;3;16-12-2023;2023;350;2,92;12,46;15:10;-2,85;06:10;89,7;99,9;06:40;55,98;13:20;0,36;27,36;2,73;13:47;22,92;8,47;0,2;0;0,43;5,98;8,92,
28;3;17-12-2023;2023;351;2,77;13,6;14:30;-3,59;07:10;87,6;99,9;05:10;45,7;15:20;0,45;44,15;3,01;13:27;336,3;8,9;0,2;0;0,51;5,14;8,23,
28;3;18-12-2023;2023;352;2,6;13,33;15:10;-3,53;06:30;86,6;99,1;05:00;47,39;14:40;0,43;49,21;2,05;12:02;331,4;8,74;0,2;0;0,49;4,46;7,6,
28;3;19-12-2023;2023;353;2,07;12,79;14:40;-4,07;07:10;88,3;99,5;03:30;51,85;14:40;0,38;81,4;1,91;14:09;214,2;8,56;0,2;0;0,44;3,92;7,05,
28;3;20-12-2023;2023;354;3,59;14,02;14:10;-3,19;03:20;83,1;99,2;04:50;42,53;14:50;0,65;43;3,63;16:05;14,28;7,08;0,41;0;0,69;3,99;6,6,,
28;3;21-12-2023;2023;355;3,62;14,74;15:00;-3,39;07:50;84;99;08:00;46,71;15:00;0,43;87,3;2,61;14:34;287,1;8,73;0;0;0,52;3,92;6,42,,,,
28;3;22-12-2023;2023;356;4;15,62;14:40;-2,58;06:30;84,3;99,5;07:10;47,05;14:20;0,49;23,63;2,62;14:19;335,5;8,79;0,2;0;0,57;3,8;6,19,,
28;3;23-12-2023;2023;357;2,84;14,55;15:20;-3,8;07:50;86,3;99,5;03:50;50,85;12:50;0,46;102,6;3;14:23;220,2;8,82;0,2;0;0,52;3,54;6,,,
28;3;24-12-2023;2023;358;2,41;13,47;15:50;-3,73;06:50;87,5;99,4;04:40;53,13;15:50;0,43;52,77;2,1;11:36;336,6;8,83;0;0;0,48;3,09;5,72,,
28;3;25-12-2023;2023;359;1,7;12,46;15:00;-5,01;07:20;89,6;99,7;04:30;57,93;14:30;0,37;48,36;1,86;14:13;274,1;8,53;0,2;0;0,43;2,68;5,39,
28;3;26-12-2023;2023;360;-0,35;2,39;15:10;-3,53;02:00;99,4;100;23:20;98,9;03:50;0,42;74,7;1,97;14:27;289,7;2,86;0,2;0;0,32;2,69;5,09,,
28;3;27-12-2023;2023;361;0,98;11,93;15:40;-2,86;23:50;95,3;100;03:50;64,22;15:40;0,54;66,63;2,49;14:34;275,6;6,7;0,2;0;0,49;3,48;5,09,,
28;3;28-12-2023;2023;362;0,85;7,03;14:30;-2,93;03:30;94,8;99,6;10:40;74,7;14:30;0,32;82;2,31;00:00;52,44;4,96;0,2;0;0,38;3,43;5,13,,
28;3;29-12-2023;2023;363;3,88;11,01;13:30;-0,23;23:40;87,6;98,6;00:00;57,69;13:40;0,45;67,49;6,32;10:43;219,8;4,55;0;0;0,53;4,01;5,22,,
28;3;30-12-2023;2023;364;3,01;14,62;14:40;-3,86;07:40;86,4;99,7;02:50;46,92;14:40;0,32;78,8;1,65;12:50;273,9;8,49;0,2;0;0,47;3,59;5,33,
28;3;31-12-2023;2023;365;6,1;11,41;13:30;-0,97;00:20;92,4;99;01:00;78,4;12:10;1,33;219,9;6,65;12:09;284,6;3,9;0;0;0,59;4,22;5,27,,,
28;3;01-01-2024;2024;1;5,16;11,79;15:50;0,05;22:30;92,6;99,1;06:30;62,67;16:10;0,52;198,5;3,18;14:31;205,6;5,48;0;0;0,54;5,24;5,74,,
28;3;02-01-2024;2024;2;4,82;10,53;15:10;-0,56;06:40;91;99;07:00;72,9;13:10;0,4;50,2;2,19;17:49;226,4;3,37;0,2;0;0,49;4,7;5,85,,,
28;3;03-01-2024;2024;3;10,4;14,64;15:00;4,62;00:00;94,8;98,5;09:30;88,4;15:20;1,18;225,5;5,9;18:27;205,7;2,85;1,42;0;0,56;6,43;6,15,
28;3;04-01-2024;2024;4;10,46;13,1;10:10;8,12;23:30;96;98,7;23:40;83,4;11:00;0,7;215,8;3,63;16:31;289,1;3,23;2,84;0,03;0,56;7,79;6,99,
28;3;05-01-2024;2024;5;7,51;10,72;14:20;3,26;21:10;76,4;98,5;00:10;52,82;14:20;2,5;266,7;7,65;14:56;268,3;8,15;0,61;0;1,09;7,59;7,58,
28;3;06-01-2024;2024;6;5,18;10,65;13:10;-0,29;23:50;72,4;91,6;07:20;49,3;15:20;1,75;266,8;7,28;00:18;256;9,26;0;0;0,99;6,2;7,48,,,
28;3;07-01-2024;2024;7;2,98;11,79;13:30;-3,19;23:50;79,8;98,6;08:40;42,27;16:30;0,53;118,7;3,18;13:40;256,7;9,17;0;0;0,59;4,8;6,96,,
28;3;08-01-2024;2024;8;1,32;10,85;14:10;-5,82;06:40;83,5;98,9;02:50;47,27;14:20;0,32;67,51;2,79;13:22;242;8,45;0;0;0,47;3,46;6,28,,,
28;3;09-01-2024;2024;9;5,75;11,8;14:00;2,4;00:10;83,4;93;03:30;61,26;14:00;0,36;46,21;2,33;13:26;98,8;5,96;0;0;0,55;4,74;5,89,,,
28;3;10-01-2024;2024;10;6,07;8,18;15:50;2,06;04:30;93,6;97,9;05:30;87,3;11:20;1,86;231,9;6,66;15:27;257,3;2,46;1,42;0;0,52;5,73;6,28,
28;3;11-01-2024;2024;11;4,4;10,72;13:30;-1,78;22:30;83,7;99,2;08:20;51,86;14:40;0,6;17,11;4,36;00:02;249,7;9,46;0;0;0,6;5,8;6,56,,
28;3;12-01-2024;2024;12;1,62;9,52;15:40;-4,81;07:10;86,9;98,2;23:40;62,42;13:10;0,51;49,98;2,98;12:45;77,6;8,42;0,2;0;0,52;4,2;6,32,
28;3;13-01-2024;2024;13;3,98;9,46;14:10;-0,97;00:20;90,3;98,8;02:40;75,5;14:10;0,39;44,03;2,22;13:28;354,4;3,71;0;0;0,49;4,4;5,93,,
28;3;14-01-2024;2024;14;6,14;10,54;15:10;1,72;00:40;93,6;98,8;02:10;77;14:30;0,47;68,33;3,26;16:16;340,6;2,63;0,2;0;0,53;5,21;6,02,,
28;3;15-01-2024;2024;15;11,43;14,64;15:40;7,78;01:30;97;99;22:30;90;15:50;1,23;229,1;6,16;16:49;253,4;2,03;13,2;7,83;0,57;7,05;6,49,,,
28;3;16-01-2024;2024;16;13,23;17,13;13:20;10,74;20:30;87,8;99;00:00;60,25;17:50;1,12;215,5;5,19;16:20;197,7;3,33;1,01;0;0,96;8,83;7,49,,
28;3;17-01-2024;2024;17;12,07;14,71;15:30;7,71;22:40;84,8;95,3;06:50;74,2;17:00;2,83;208,8;10,44;05:15;205,5;4,55;6,5;3,03;1,04;9,46;8,33
28;3;18-01-2024;2024;18;10,91;13,7;10:50;7,64;06:40;93,7;98,6;23:40;85,2;10:50;0,77;181,8;3,7;13:45;286,3;3,39;7,31;3,64;0,61;9,35;8,79
28;3;19-01-2024;2024;19;8,06;11,08;03:50;4,08;22:20;96,2;98,9;03:40;85,7;23:40;1,05;5,71;4,84;20:53;342,5;2,13;24,56;15,1;0,56;9,49;9,13
28;3;20-01-2024;2024;20;5,9;11,34;12:50;2,54;07:40;85,1;98,1;23:50;66,27;12:50;0,66;56,06;5,87;00:05;4,03;5,99;0;0;0,67;8,32;9,02,,
28;3;21-01-2024;2024;21;7,01;14,35;14:00;1,12;23:40;87,7;99,3;23:40;53,33;14:10;0,5;250,3;2,93;14:39;195,8;9,48;0;0;0,75;7,9;8,71,,
28;3;22-01-2024;2024;22;4,73;13,41;16:20;-1,24;06:30;93,3;100;06:30;71,7;16:20;0,47;358,4;3,15;14:01;218,4;8,72;0,2;0;0,65;6,62;8,32,,
28;3;23-01-2024;2024;23;6,36;16,7;15:10;1,25;03:00;94;100;12:40;64,79;16:00;0,34;59,66;1,94;04:35;73,2;7,61;0,2;0;0,7;6,71;7,94,,,
28;3;24-01-2024;2024;24;8,12;19,72;16:00;2,47;01:20;92,9;100;12:10;54,39;16:20;0,34;53,36;2,2;10:49;325,9;8,67;0,2;0;0,82;7,09;7,87,,
28;3;25-01-2024;2024;25;8,31;20,19;15:20;0,58;06:40;89,7;100;06:50;53,98;15:30;0,45;31,81;2,18;11:05;354,4;10,53;0,2;0;0,93;6,9;7,88,,
28;3;26-01-2024;2024;26;8,49;19,92;15:30;1,59;07:50;87,7;100;08:30;44,41;14:30;0,35;39,7;2,08;11:05;351,1;10,04;0,2;0;0,88;6,85;7,84,,
28;3;27-01-2024;2024;27;9,04;20,4;15:30;1,93;07:10;86,2;100;05:40;45,89;15:20;0,43;53,41;2,48;14:07;94,2;9,68;0;0;0,97;7,05;7,82,,,
28;3;28-01-2024;2024;28;8,8;19,92;14:50;0,85;07:30;86,8;100;07:40;50,21;14:50;0,45;32,83;2,43;11:18;329,8;10,51;0,2;0;0,98;7,09;7,87,,
28;3;29-01-2024;2024;29;8,22;16,1;14:40;1,59;07:20;88,1;100;07:20;57,86;14:40;0,62;78,6;3,41;11:15;151,8;9,33;0;0;0,93;7,37;7,96,,,
28;3;30-01-2024;2024;30;7,25;15,69;14:10;0,92;08:00;88,9;100;06:40;59,46;14:40;0,51;50,09;2,84;10:40;96;10,67;0,2;0;0,9;6,95;7,95,,,
28;3;31-01-2024;2024;31;6,98;13,81;15:30;1,79;02:10;89,5;100;02:20;63,53;13:00;0,5;38,46;3,54;15:06;336,8;11,55;0;0;0,88;6,98;7,85,,,
28;3;01-02-2024;2024;32;6,15;16,96;15:10;0,11;01:50;91;100;01:50;57,78;14:30;0,52;139,3;3,02;15:21;249,7;9,73;0,2;0;0,94;6,91;7,82,,,
28;3;02-02-2024;2024;33;7,34;17,57;13:20;-0,23;07:00;82,3;100;07:00;43;16:20;0,44;53,02;3,2;13:06;91,8;11,21;0,2;0;1,01;6,58;7,72,,,
28;3;03-02-2024;2024;34;7,55;18,44;15:30;0,58;07:30;80,9;100;07:50;39,61;16:10;0,48;53,69;2,76;13:26;84,3;11,73;0;0;1,09;6,61;7,64,,,
28;3;04-02-2024;2024;35;6,7;19,38;15:10;-1,58;06:10;80,7;100;08:00;30,23;15:30;0,38;40,46;1,74;10:58;341,3;12,08;0,2;0;1,06;6,14;7,51,,
28;3;05-02-2024;2024;36;6,31;17,71;14:50;-1,31;06:40;84,3;100;06:40;40,29;14:50;0,38;59,27;1,75;11:18;317,4;10,2;0,2;0;1;6,05;7,33,,,
28;3;06-02-2024;2024;37;8,12;16,44;15:00;1,59;04:20;84,6;100;07:20;59,48;15:10;0,85;186,8;4,69;16:14;277;8,27;0;0;1,08;6,72;7,34,,,,
28;3;07-02-2024;2024;38;9,14;13,22;15:40;5,56;22:50;91,9;100;23:40;78,5;15:50;1,38;214,5;6,1;15:43;244,6;3,69;0;0;0,79;7,63;7,67,,,
28;3;08-02-2024;2024;39;9,6;15,59;13:00;4,21;06:50;84,9;100;09:30;44,3;16:20;1,7;186,2;8,59;16:37;207,1;5,64;2,03;0;1,5;7,89;7,96,,
28;3;09-02-2024;2024;40;10,73;13,7;12:00;8,79;22:00;95,6;100;07:10;82,1;18:10;1,92;198,6;7,91;18:10;244;3,69;16,04;9,73;0,81;8,99;8,36,,
28;3;10-02-2024;2024;41;7,72;11,93;12:40;3,62;23:40;86,7;100;07:40;64,09;14:20;3,31;247,9;10,47;13:50;254,4;10,86;2,44;0;1,4;8,98;8,8,,
28;3;11-02-2024;2024;42;5,29;9,19;14:40;0,85;05:20;93,7;100;23:10;79,1;14:50;1,32;213,9;4,73;12:34;234,8;4,76;0,61;0;0,73;7,66;8,63,,
28;3;12-02-2024;2024;43;10,25;15,98;14:10;6,3;04:00;93,5;100;07:40;73,8;15:50;1,94;230,5;7,63;12:33;258,9;7,4;0,2;0;1,16;8,49;8,48,,
28;3;13-02-2024;2024;44;12,22;18,72;15:10;6,57;04:00;90;100;23:50;62,83;12:10;0,79;239,2;4,02;14:04;259,8;10,48;0;0;1,33;9,51;8,85,,,,
28;3;14-02-2024;2024;45;12,86;20,73;14:00;7,25;02:00;90,9;100;10:10;61,54;14:30;0,47;58,39;3,18;12:12;84,6;10,16;0;0;1,29;10,28;9,4,,,
28;3;15-02-2024;2024;46;11,2;14,45;15:50;7,92;02:30;97,4;100;04:30;82,4;12:10;0,97;17,46;5,55;08:46;281;2,76;2,64;0;0,74;10,36;9,84,,,
28;3;16-02-2024;2024;47;11,17;17,3;16:00;4,02;23:50;81,3;100;03:50;49,2;15:40;1,53;246,4;5,58;00:52;250,3;12,77;0;0;1,76;10,6;10,04,,,
28;3;17-02-2024;2024;48;8,21;18,97;16:20;0,25;06:30;80,3;100;07:20;34,28;16:50;0,52;71;3,07;13:29;270,2;14,3;0;0;1,48;8,99;9,93,,,,
28;3;18-02-2024;2024;49;7,89;19,18;15:00;-0,56;07:20;80,2;100;07:30;36,98;16:20;0,54;60,59;2,65;15:52;191,8;13,96;0,2;0;1,5;8,27;9,46,,
28;3;19-02-2024;2024;50;9,34;21,06;15:00;0,99;07:10;81,4;100;07:20;42,04;15:30;0,58;32,05;16,08;15:38;348,4;14,12;3,45;0,56;1,62;;9,17,,
28;3;20-02-2024;2024;51;8,01;20,26;14:30;-0,83;05:40;77,8;100;06:40;34,9;12:30;0,57;56,2;3,4;15:27;279;16,04;0;0;1,68;;9,09,,,,,
28;3;21-02-2024;2024;52;8,92;18,18;12:50;0,05;05:40;79,5;100;06:20;46,91;13:00;1,02;217,7;4,21;13:05;255,2;11,4;0,2;0;1,63;;9,04,,,
28;3;22-02-2024;2024;53;11,26;15,65;14:40;4,89;07:30;82,4;99,4;08:00;62,06;13:10;3,06;239,3;11,5;12:18;227,2;7,89;0,41;0;1,65;;9,32,,
28;3;23-02-2024;2024;54;7,16;12,08;14:50;1,93;05:40;72,4;91,5;23:50;51,13;13:20;3,4;250,7;9,3;13:06;258,7;11,86;0;0;1,94;;9,51,,,
28;3;24-02-2024;2024;55;7,16;13,01;14:10;3,14;22:20;73;93,5;02:10;39,17;17:10;3,11;253,3;8,08;08:11;251,1;13,78;0;0;2,28;;9,32,,,,
28;3;25-02-2024;2024;56;10,67;15,38;14:40;6,11;00:00;85,7;99,8;10:00;58,89;14:00;3,77;232,5;11,43;17:09;235,9;5,86;2,44;0;1,76;;9,32,,
28;3;26-02-2024;2024;57;9,51;12,74;14:10;6,77;23:50;70,4;97,1;07:30;40,86;14:10;3,72;280,7;8,43;15:21;293,2;13,29;0,81;0;2,32;;9,64,,
28;3;27-02-2024;2024;58;7,34;13,35;14:30;2,54;23:50;55,23;71,1;07:30;39,1;15:00;2,12;318,5;7,96;01:11;286,2;11,71;0;0;2,17;;9,69,,,
28;3;28-02-2024;2024;59;6,47;16,23;14:20;-2,86;04:40;67,84;97,8;07:10;39,49;14:00;1,07;303,9;5,83;16:29;4,31;16,83;0;0;1,94;;9,26,,,
28;3;29-02-2024;2024;60;7,34;17,64;15:10;-2,18;07:10;68,84;100;07:20;39,1;17:40;2,01;288,3;8,77;17:39;299,4;16,42;0;0;2,45;;9,03,,,,
28;3;01-03-2024;2024;61;7,61;14,68;15:10;0,11;02:10;59,83;92,5;22:50;37,74;15:10;2;250,1;6,31;14:47;249,3;17,03;0;0;2,32;;9,03,,,,
28;3;02-03-2024;2024;62;6,08;11,01;12:20;-0,16;22:20;85,1;100;23:00;67,03;10:00;2,62;222,6;11,14;15:49;214,9;5,55;13,4;7,98;1,18;;9,07,,
28;3;03-03-2024;2024;63;5,73;11,13;14:10;0,24;06:40;80,8;100;00:00;47,15;14:30;2,67;251;8,74;12:36;307,9;13,57;0,61;0;1,89;;8,69,,,,
28;3;04-03-2024;2024;64;9,45;13,97;15:00;4,42;00:30;86,1;97,1;22:40;69,23;14:10;2,9;237,9;9,29;15:11;245,2;9,73;0;0;1,56;;8,73,,,
28;3;05-03-2024;2024;65;6,77;14,89;15:00;0,04;06:10;78,8;100;07:10;39,63;14:30;1,2;223;5,74;15:03;272,9;16,56;0;0;2,01;;8,96,,,,,
28;3;06-03-2024;2024;66;6,89;17,17;14:10;-1,91;06:30;76,7;100;07:10;36,17;15:10;0,65;55,5;3,98;15:23;102,2;17,34;0;0;1,93;;8,94,,,,
28;3;07-03-2024;2024;67;7,47;14,3;13:10;1,12;04:50;83,9;100;05:20;50,72;13:20;1,55;162,2;9,44;12:15;158,3;6,45;2,23;0;1,49;;9,02,,,
28;3;08-03-2024;2024;68;8,1;12,41;13:20;4,49;00:30;79,07;97,9;23:50;56,12;14:30;2,93;193,07;6,07;12:00;232,3;11,58;3,32;0,45;1,85;;9,04,
28;3;09-03-2024;2024;69;6,56;10,55;13:20;3,68;20:30;91,4;99,1;02:30;65,12;14:30;2,76;216;9,9;03:25;245,9;7,85;10,76;6,16;1,36;8,91;9,19,
28;3;10-03-2024;2024;70;8,89;13,69;15:10;5,77;00:40;85,1;100;08:10;61,52;15:20;3,61;247,7;10,53;15:21;294,5;12,2;5,48;2,24;1,91;9;9,18,,
28;3;11-03-2024;2024;71;8,42;15,16;14:40;2,87;23:30;77,6;99,7;04:30;43,08;16:30;2,13;262,7;7,24;10:50;279,8;16,79;0;0;2,4;9,38;9,34,,
28;3;12-03-2024;2024;72;8,1;18,11;15:10;-0,16;05:30;80,8;100;06:10;41,17;16:50;0,58;35,12;2,72;11:07;96,8;19,31;0;0;2,16;9,33;9,45,,,
28;3;13-03-2024;2024;73;9,91;20,86;14:30;1,39;06:50;80,5;100;06:50;38,06;14:10;0,56;29,56;3,16;10:43;351,2;18,56;0;0;2,29;9,84;9,62,,,
28;3;14-03-2024;2024;74;9,74;18,18;12:40;2,26;06:40;85,9;100;06:40;58,39;12:40;1,22;248,6;5,8;10:23;266,9;12,81;0;0;1,92;10,29;9,93,,,
28;3;15-03-2024;2024;75;11,2;20;15:10;2,13;05:50;83,9;100;06:20;53,45;15:30;1,13;275,6;5,46;15:55;235,4;17,19;0,2;0;2,39;10,68;10,13,,,
28;3;16-03-2024;2024;76;11,96;21,34;15:10;4,35;04:40;89,7;100;10:30;57,69;14:50;0,54;29,53;2,58;12:50;348,4;13,95;0;0;1,98;11,44;10,53,,,
28;3;17-03-2024;2024;77;13,59;23,28;14:00;5,29;06:40;84,4;100;08:40;43,51;14:10;0,46;22,96;2,58;12:13;346,1;15,73;0,2;0;2,26;12,25;10,99,,
28;3;18-03-2024;2024;78;13,66;22,15;15:20;5,83;05:20;85,1;100;08:10;52,5;16:00;0,46;32,95;2,14;14:43;315,9;12,49;0;0;1,94;12,68;11,47,,,
28;3;19-03-2024;2024;79;15,78;25,56;14:20;8,25;06:10;77,7;100;08:10;30,96;14:50;0,45;20,95;2,7;13:16;264,2;16,72;0;0;2,54;13,65;11,95,,,
28;3;20-03-2024;2024;80;15,2;23,42;12:50;6,91;06:40;75,3;100;04:10;41,9;12:50;0,98;52,25;7,83;16:17;133,8;13,12;0;0;2,45;13,83;12,45,,,
28;3;21-03-2024;2024;81;16,62;25,1;13:20;9,67;02:50;69,24;100;07:30;33,46;13:40;1,2;81,6;7,05;14:55;108,7;17,46;0,41;0;3,2;14,27;12,77,,
28;3;22-03-2024;2024;82;15,9;26,12;14:10;7,85;06:10;72,9;99,2;02:50;28,87;15:30;0,68;64,45;4,21;15:55;112,6;16,9;0;0;2,84;14,38;13,09,,
28;3;23-03-2024;2024;83;15,11;25,24;13:30;6,5;04:40;74,4;100;05:00;34,54;15:50;0,73;59,53;3,72;13:49;114,5;15,87;0;0;2,72;14,22;13,28,,,
28;3;24-03-2024;2024;84;14,34;23,43;13:30;6,64;06:00;73,5;99,4;06:40;32,45;14:20;1,08;74,1;5,74;15:04;84,5;15,55;0;0;2,86;14,02;13,35,,
28;3;25-03-2024;2024;85;12,26;16,93;14:40;8,72;23:50;94,8;100;10:40;75,1;00:00;1,43;237,6;7,06;22:09;236,3;4,89;8,12;4,25;1,2;13,94;13,42,
28;3;26-03-2024;2024;86;7,07;11,67;13:30;3,81;21:20;79,4;100;22:40;43,63;16:10;3,59;251,1;10,18;18:19;278,9;14,53;2,64;0;2,38;12,83;13,23,,
28;3;27-03-2024;2024;87;9,46;14,17;12:10;6,04;03:20;95,4;100;19:30;75,9;12:10;2,92;231,4;8,53;12:20;239,3;7,9;19,69;12,1;1,41;11,88;12,65,
28;3;28-03-2024;2024;88;12,16;17,39;16:00;7,45;06:10;85,9;100;23:10;59,27;16:40;2,36;218,5;8;13:07;235,1;14;11,37;6,6;2,36;12,59;12,44,,,
28;3;29-03-2024;2024;89;7,9;11,96;00:30;4,02;23:40;98;100;00:10;86,1;17:10;1,69;232,2;6,98;14:24;287,1;5,43;9,95;5,58;0,95;12,45;12,62,,
28;3;30-03-2024;2024;90;8,26;13,16;11:20;3,48;00:00;91;100;00:30;62,13;13:20;1,53;179,3;7,19;22:18;289;11,44;5,08;1,91;1,74;11,65;12,25,,,
28;3;31-03-2024;2024;91;6,92;11,28;15:10;3,48;23:50;94,9;100;05:20;68,7;16:30;1,61;205,8;8,38;13:41;263,7;8,77;8,93;4,85;1,39;11,16;12,,
28;3;01-04-2024;2024;92;7,7;15,03;14:40;1,18;05:30;87,8;100;05:40;47,74;15:20;1,95;233,3;10,72;10:30;255,2;18,76;0,41;0;2,6;10,9;11,61,,
28;3;02-04-2024;2024;93;9,57;17,86;14:40;1,45;04:40;83,2;100;04:00;43,54;14:10;0,79;136,9;4,53;14:34;216;13,77;0,2;0;2,15;11,16;11,51,,,
28;3;03-04-2024;2024;94;12,17;19,85;15:10;4,82;01:20;83;100;04:30;48,11;14:40;1;248,7;5,02;12:50;266,2;20,85;0;0;2,97;12,46;11,75,,,,,
28;3;04-04-2024;2024;95;13,33;23,69;15:20;3,61;05:10;77,8;100;05:10;38,52;16:20;0,6;69,27;4,83;11:27;61,91;21,44;0;0;3,12;12,98;12,19,,,
28;3;05-04-2024;2024;96;15,53;26,45;16:00;5,77;04:50;71,5;100;06:50;31,37;15:10;0,86;69,9;5,1;23:13;142,9;18,92;0;0;3,35;13,76;12,64,,,
28;3;06-04-2024;2024;97;18,89;26,18;14:30;12,69;06:00;59,4;96,8;22:30;30,91;10:50;1,02;334,5;8,27;09:56;140,4;12,53;0;0;2,94;14,51;13,13,,
28;3;07-04-2024;2024;98;17,25;24,89;14:20;11,28;04:00;76,6;100;06:40;43,92;12:50;0,82;239,9;5,14;09:20;254,3;20;0;0;3,36;15,43;13,64,,,,
28;3;08-04-2024;2024;99;13,21;20,94;12:50;8,13;23:20;82,2;100;03:40;45,82;12:00;1,94;257,4;8,1;17:01;283,5;18,7;3,25;0,39;3,28;15,25;14,08,
28;3;09-04-2024;2024;100;10,34;17,91;17:10;2,33;06:00;64,9;100;23:20;29,5;12:20;0,87;341,6;5,59;00:16;273,6;24,35;0;0;3,23;13,86;13,92,,,
28;3;10-04-2024;2024;101;11,95;21,81;16:50;1,52;05:40;71;100;06:00;32,93;13:20;0,67;59,26;3,44;12:44;274,3;23,97;0;0;3,34;13,19;13,47,,,,
28;3;11-04-2024;2024;102;16,44;27,24;15:40;4,89;05:40;64,21;100;06:00;31,16;16:20;0,75;52,02;3,92;14:35;352,5;24,3;0;0;3,92;13,97;13,43,,,
28;3;12-04-2024;2024;103;16,09;25,9;16:30;5,02;05:40;58,29;96,9;05:50;22,8;16:40;0,74;35,74;4,03;00:40;111,5;25,11;0;0;3,94;14,6;13,77,,
28;3;13-04-2024;2024;104;16,65;28,25;16:00;6,1;05:10;65,12;100;06:10;22,93;15:30;0,62;49,78;2,63;11:40;298,2;25,16;0;0;4;14,77;14,,,,,
28;3;14-04-2024;2024;105;17,75;27,98;17:00;7,59;06:10;60,8;98,3;23:50;24,08;16:50;0,71;16,37;4,14;11:32;123,2;24,94;0;0;4,12;15,17;14,24,,
28;3;15-04-2024;2024;106;18,51;30,07;14:00;8,6;04:10;66,42;100;05:40;24,75;15:30;0,88;314,5;5,66;16:07;220,1;23,99;0;0;4,36;15,6;14,5,,,
28;3;16-04-2024;2024;107;17,28;27,79;14:00;6,64;05:50;61,47;100;04:10;23,07;16:40;0,95;338,6;5,29;15:01;271,1;25,06;0;0;4,34;15,67;14,78,,,
28;3;17-04-2024;2024;108;14,5;22,94;16:00;6,98;05:40;63,94;97,1;01:40;28,07;16:20;0,7;26,86;3,75;12:39;285,9;25,41;0;0;3,8;15,31;14,87,,
28;3;18-04-2024;2024;109;14,35;23,69;14:50;4,43;05:40;59,48;100;06:10;24,69;15:50;0,82;20,11;3,52;11:18;350,4;24,86;0;0;3,86;14,7;14,69,,,
28;3;19-04-2024;2024;110;14,5;23,95;15:10;4,16;05:40;61,9;92,4;03:50;31,3;16:40;0,73;41,45;3,85;11:10;121,8;25,38;0;0;3,86;14,81;14,59,,
28;3;20-04-2024;2024;111;15,86;25,77;15:40;6,98;05:40;65,02;100;06:00;24,29;17:50;0,6;15,34;3,61;14:39;295,8;23,84;0;0;3,8;15,18;14,7,,,
28;3;21-04-2024;2024;112;15,51;25,84;14:30;6,04;05:30;50,33;87,5;05:40;18,15;14:40;0,6;48,27;3,13;11:58;294,1;26,18;0;0;4,03;15,1;14,8,,
28;3;22-04-2024;2024;113;12,83;20,34;13:20;5,04;05:40;43,33;69,86;05:40;21,46;14:00;0,91;16,12;4,71;12:29;5,08;26,38;0;0;3,92;14,67;14,77,,
28;3;23-04-2024;2024;114;10,33;18,58;16:00;-0,02;05:50;50,08;90,9;06:00;27,74;14:40;0,79;9,7;4,57;10:13;77,2;23,85;0;0;3,34;13,8;14,5,,
28;3;24-04-2024;2024;115;11,29;20,26;16:00;0,79;05:20;55,25;100;06:10;22,88;14:10;0,69;260,6;3,7;12:44;290;25,5;0;0;3,57;13,71;14,22,,,,
28;3;25-04-2024;2024;116;12,23;23,01;13:20;2,94;03:00;63,5;100;03:10;27,93;13:50;0,87;0,6;5,01;15:39;312,3;19,44;0;0;3,32;13,7;14,11,,,
28;3;26-04-2024;2024;117;12,58;20,47;14:30;4,42;02:50;66,97;100;03:20;34,69;13:50;1,29;217,9;6,16;15:11;251,9;18,89;0;0;3,3;13,89;14,1,,,
28;3;27-04-2024;2024;118;12,57;18,06;14:50;6,91;23:40;75,3;100;05:30;41,59;17:40;1,81;232,8;7,48;13:14;250,9;18,27;3,04;0,21;3,17;14,54;14,28,
28;3;28-04-2024;2024;119;10,99;19,85;15:40;2,13;05:30;69,7;100;05:10;30,97;15:40;0,55;285,3;3,52;12:18;290,5;21,25;0;0;3,08;13,65;14,22,,,
28;3;29-04-2024;2024;120;12,33;21,21;13:30;4,29;02:00;71,7;100;04:30;33;14:00;0,7;77;4,81;14:04;278,4;20,62;0,41;0;3,23;13,55;14,01,,,,
28;3;30-04-2024;2024;121;13,72;20,87;12:10;5,43;04:00;68,01;100;06:30;29,49;13:20;1,76;248,2;7,38;14:15;260,1;22,71;0;0;4,02;14,24;14,12,,,
28;3;01-05-2024;2024;122;10,02;15,11;10:30;6,51;23:50;75,6;93,7;04:10;40,38;11:10;2,33;272,2;7,59;15:18;279,4;13,01;4,47;1,42;2,71;13,84;14,28
28;3;02-05-2024;2024;123;10,32;19,06;15:00;2,81;05:10;68,16;100;05:50;32,47;16:30;1,56;244,4;6,44;17:25;253;23,95;0;0;3,74;13,2;13,9,,,,
28;3;03-05-2024;2024;124;12,46;21,88;14:10;1,06;05:40;64,35;100;05:30;26,99;15:00;1,03;231,9;5,1;16:03;274;25,59;0;0;3,99;13,12;13,73,,,,
28;3;04-05-2024;2024;125;16,82;26,98;15:00;5,3;05:10;62,88;100;05:40;28,66;15:30;1,05;239,6;6,04;13:11;132,5;25,58;0;0;4,54;14,46;13,93,,,
28;3;05-05-2024;2024;126;16,45;21,55;16:00;10,48;05:10;79,1;100;23:40;54,4;16:00;1,21;240,2;6,79;15:39;291,4;14,27;5,48;2,24;2,78;15,43;14,56,
28;3;06-05-2024;2024;127;15,72;22,22;12:50;9,26;23:50;76,3;100;00:20;45,29;16:50;1,12;251,7;4,78;09:39;271,4;18,11;0,2;0;3,3;15,85;14,95,,
28;3;07-05-2024;2024;128;15,45;24,49;15:50;4,29;04:50;63,13;100;06:10;29,27;15:10;0,6;46,14;3,9;20:40;51,02;27,37;0;0;4,23;15,18;15,05,,,
28;3;08-05-2024;2024;129;16,19;26,05;17:20;6,18;05:10;59,4;97,9;05:10;26,91;15:30;0,63;37,16;4,09;09:17;66,06;27,83;0;0;4,43;15,45;15,1,,
28;3;09-05-2024;2024;130;17,64;29,72;16:20;5,91;05:20;63,9;100;05:40;22,18;16:00;0,55;27,23;3,75;13:35;281,9;25,28;0;0;4,34;15,56;15,2,,,
28;3;10-05-2024;2024;131;20,95;31,6;15:30;8,66;05:10;51,92;99,7;03:50;19,69;15:50;0,73;48,76;3,98;12:40;137,4;27,57;0;0;5,05;16,59;15,51,,
28;3;11-05-2024;2024;132;21,11;30,47;12:30;10,95;05:10;47,55;95,6;23:50;22,73;12:10;0,79;316;3,91;13:32;234,1;26,03;0;0;4,9;17,53;16,06,,,
28;3;12-05-2024;2024;133;20,12;31;14:10;9,33;05:30;61,12;100;04:00;25,22;16:00;0,66;311,9;4,3;13:54;298,1;24,15;0;0;4,53;17,73;16,5,,,,
28;3;13-05-2024;2024;134;21,07;30,4;14:20;10,28;05:10;60,34;100;05:30;29,33;14:50;1,63;257;6,8;15:35;290;25,25;0;0;5,43;18,25;16,83,,,,,
28;3;14-05-2024;2024;135;16,39;24,23;14:20;10,95;05:20;55,21;97,5;02:00;29,21;14:20;2;281,6;6,03;18:32;247,9;25,61;1,01;0;4,96;18,4;17,24,,
28;3;15-05-2024;2024;136;14,32;21,61;14:10;7,51;05:30;52,68;91,6;05:30;24,9;16:50;1,4;256,9;5,56;10:35;282,8;22,69;0;0;4,14;17,49;17,17,,
28;3;16-05-2024;2024;137;13,79;21,47;14:50;7,12;03:00;60,84;94;03:00;34,69;13:50;1,48;240,9;7,36;15:07;283,2;23,24;0;0;4,06;16,85;16,87,,,
28;3;17-05-2024;2024;138;15,26;22,95;14:40;7,59;02:10;67,59;100;05:10;32,72;15:30;1,4;243,5;5,73;10:46;257,7;19,82;0;0;3,84;17;16,73,,,,
28;3;18-05-2024;2024;139;15,9;27,1;16:00;4,63;04:50;58,26;100;05:40;21,85;14:30;0,75;241,9;4,71;14:01;286,1;28,24;0;0;4,69;17,11;16,71,,,
28;3;19-05-2024;2024;140;15,21;26,91;12:30;5,97;04:50;63,5;100;05:40;25,49;13:40;1,08;270,7;6,93;15:43;258,9;25,12;0;0;4,6;17,41;16,85,,,
28;3;20-05-2024;2024;141;14,67;27,65;13:30;4,96;03:20;70;100;23:50;25,56;13:30;0,8;357,7;6,52;17:19;278,5;22,95;0,81;0;4,16;17,37;16,95,,,
28;3;21-05-2024;2024;142;16,02;25,77;13:10;8,26;01:30;68,52;100;06:00;26,58;14:10;1,42;262,3;6,52;16:12;287;26,47;2,84;0,03;4,91;17,87;17,07,,
28;3;22-05-2024;2024;143;15,63;25,7;13:20;6,17;05:10;64,63;100;06:30;25,7;16:30;0,95;246,8;6,05;15:32;299,2;23,73;0,2;0;4,28;17,7;17,22,,
28;3;23-05-2024;2024;144;17,36;28,98;15:40;4,5;04:50;55,04;100;05:40;16,18;17:30;0,52;356,2;4,03;12:02;285,9;29,08;0;0;4,75;17,76;17,16,,,
28;3;24-05-2024;2024;145;19,67;32;14:40;8,94;04:30;48,88;92,3;05:10;14,7;16:20;0,86;10,23;4,89;16:32;280,7;29,25;0;0;5,5;18,82;17,43,,,
28;3;25-05-2024;2024;146;21,03;33,56;12:00;8,39;03:10;45,82;98,3;05:30;14,63;16:00;1,13;258,8;6,26;15:39;249,5;29,56;0;0;6,05;19,88;17,97,,
28;3;26-05-2024;2024;147;21,44;34,82;14:20;7,32;04:30;44,26;84,9;04:30;15,51;13:00;0,92;231,8;5,73;13:24;286,1;28,7;0;0;5,8;20,51;18,52,,
28;3;27-05-2024;2024;148;22,89;35,16;14:40;10,82;04:50;46,97;95,8;04:00;15,24;18:00;0,62;252,6;3,98;13:10;241,5;28,16;0;0;5,4;21,44;19,1,,
28;3;28-05-2024;2024;149;23,34;34,22;16:20;14,04;05:10;56;96,3;23:50;17,46;16:10;0,55;27,5;3,95;12:58;289,1;28,18;0;0;5,35;22,28;19,68,,,
28;3;29-05-2024;2024;150;24,84;37,57;14:30;12,84;04:10;50,85;96,8;04:00;14,43;17:50;0,59;30,45;4,29;15:05;275,2;29,04;0;0;5,72;22,96;20,24,,
28;3;30-05-2024;2024;151;26,25;37,91;14:40;13,18;05:10;44,36;91,6;05:10;14,69;14:40;0,68;27,47;3,79;22:00;86,3;29;0;0;5,9;23,66;20,8,,,
28;3;31-05-2024;2024;152;23,63;32,41;14:40;15,58;05:50;38,05;58,72;00:00;20,63;17:00;0,96;1,96;4,51;04:06;298,3;28,81;0;0;5,85;24,42;21,45,,
28;3;01-06-2024;2024;153;21,03;30,87;14:30;12,02;04:50;44,13;64,59;05:20;19,96;14:50;1,04;6,97;4,35;10:20;310,5;29,18;0;0;5,74;23,78;21,67,,
28;3;02-06-2024;2024;154;21,09;31,6;14:10;11,55;04:30;44,93;69,67;20:50;19,15;18:10;0,68;28,41;4,42;10:43;101,9;29,68;0;0;5,42;23,63;21,67,,
28;3;03-06-2024;2024;155;22,94;34,55;13:50;13,57;04:00;49,85;86,1;04:00;19,82;13:50;0,76;24,78;4,33;18:14;189,7;28,39;0;0;5,67;23,92;21,78,,
28;3;04-06-2024;2024;156;24,2;36,03;14:10;13,71;04:50;51,61;96,3;04:50;18;14:10;0,69;332,2;5,58;14:21;218,6;28,28;0;0;5,7;24,62;22,09,,,
28;3;05-06-2024;2024;157;25,28;36,64;12:50;13,31;05:20;49;93,8;01:30;16,11;15:10;0,7;286,6;4,49;13:02;255,2;26,81;0;0;5,58;25,1;22,47,,,
28;3;06-06-2024;2024;158;27,11;38,71;14:00;13,98;04:20;42,73;90,2;04:30;14,69;14:00;0,67;75,9;4,8;18:01;222,2;26,35;0;0;5,64;25,69;22,87,,
28;3;07-06-2024;2024;159;26,86;36,51;14:00;17,61;05:10;35,19;64,02;05:50;18,2;16:40;1,03;81,8;7,46;17:02;100,9;19,81;0;0;5,24;25,83;23,31,,
28;3;08-06-2024;2024;160;18,9;23,37;08:40;15,92;23:10;84,3;100;16:20;53,8;00:00;0,71;357,5;4,09;10:57;237,2;8,27;7,71;3,95;2,06;24,19;23,3,
28;3;09-06-2024;2024;161;20,22;25,89;16:30;14,44;04:40;75,9;100;03:40;45,4;16:30;1,13;246,7;4,63;09:41;304,3;17,61;0,41;0;3,69;22,75;22,43,,
28;3;10-06-2024;2024;162;17,26;20,67;15:50;14,71;23:40;94,1;100;08:10;71,5;18:10;0,6;336,6;3,25;15:53;81,1;10,39;6,7;3,19;2,09;21,81;21,98,
28;3;11-06-2024;2024;163;19,21;28,24;16:40;11,15;05:20;63,99;100;00:20;27,85;15:20;0,64;33,99;3,54;15:08;124;27,89;0;0;4,92;21,54;21,33,,,,
28;3;12-06-2024;2024;164;19,72;29,73;12:40;12,42;05:10;66,38;100;04:50;29,8;13:20;0,82;13,85;5,47;13:46;349,2;24,28;0,41;0;4,73;21,88;21,26,,
28;3;13-06-2024;2024;165;21,1;32,34;15:00;10,41;05:00;59,2;100;02:10;21,98;14:40;1;287;7,57;14:13;320;28,91;0;0;5,74;22,2;21,24,,,,,,
28;3;14-06-2024;2024;166;23,15;34,09;13:40;9,81;04:40;50,97;100;04:40;14,36;14:30;1,26;232;7,2;13:17;249,8;29,62;0;0;6,35;22,96;21,47,,,,
28;3;15-06-2024;2024;167;22,62;30,73;13:10;13,44;23:50;47,67;100;05:20;12,88;17:00;1,4;252,8;6,52;13:34;254,4;29,57;0;0;6,19;23,84;21,94,,,
28;3;16-06-2024;2024;168;22,1;34,22;14:40;9,14;04:30;44,84;96;04:10;15,64;12:40;0,97;235,8;5,52;17:11;262,7;29,82;0;0;6,02;23,54;22,14,,,
28;3;17-06-2024;2024;169;23,54;33,74;15:20;12,23;04:20;45,17;92,6;05:30;14,9;16:30;1,05;234,5;5,76;15:14;266,1;29,89;0;0;6,16;24,24;22,34,,
28;3;18-06-2024;2024;170;19,78;31,67;13:40;11,96;23:30;64,04;100;23:10;19,55;13:40;1,23;232,1;7,79;16:01;280,6;19,13;0;0;4,78;23,85;22,62,,,
28;3;19-06-2024;2024;171;18,24;27,24;14:40;10,28;04:40;71,5;100;05:40;31,16;17:00;1,05;229,9;9,15;18:22;260,9;23,84;0;0;4,59;23,17;22,36,,,
28;3;20-06-2024;2024;172;17,58;25,56;12:20;11,69;05:10;70,9;100;03:30;33,46;15:20;1,21;244,3;5,94;15:17;284,3;22,33;0,41;0;4,36;22,78;22,19,,
28;3;21-06-2024;2024;173;20,93;31,26;15:20;9,54;03:20;58,12;100;04:20;23,53;17:50;0,62;116,5;6,1;14:38;257,1;29,07;0;0;5,28;23,01;21,95,,,
28;3;22-06-2024;2024;174;23,09;34,62;15:00;9,94;05:00;50,69;100;05:00;19,89;15:00;0,78;2,22;5,25;13:22;292,4;24,4;0;0;5,16;23,79;22,23,,,
28;3;23-06-2024;2024;175;25,12;33,21;16:10;14,98;05:00;47,81;85,7;05:20;27,77;16:50;0,73;9,25;4,18;14:51;315,5;28,36;0;0;5,64;24,88;22,67,,
28;3;24-06-2024;2024;176;25,73;36,63;16:20;15,99;05:20;51,85;91,2;05:20;22,51;18:00;0,56;17,37;3,53;15:27;325,7;29,07;0;0;5,8;25,9;23,28,,
28;3;25-06-2024;2024;177;26,9;38,98;15:00;17,2;04:40;55,15;98,3;23:50;20,42;15:30;0,68;58,51;3,93;14:53;232,5;27,28;0,41;0;5,92;26,56;23,83,
28;3;26-06-2024;2024;178;24,01;33,3;12:10;18,34;23:10;65,75;100;01:00;37,35;12:30;0,76;82,5;4,64;13:15;127,7;16,22;0,2;0;3,88;26,14;24,31,,
28;3;27-06-2024;2024;179;26,55;36,03;14:30;17,74;01:40;44,99;93;01:40;20,15;14:30;0,79;88,4;4,93;18:51;81,4;21,71;0;0;5,05;25,63;24,01,,,
28;3;28-06-2024;2024;180;21,98;29,32;10:30;16,59;23:50;61,99;100;23:50;43,54;00:00;1,39;225,4;6,43;14:45;225,3;16,53;2,03;0;3,97;25,48;24,14,,
28;3;29-06-2024;2024;181;19,82;25,44;17:20;15,05;05:10;81,3;100;02:20;55,05;17:10;1,85;239,1;6,25;13:24;248,3;13,1;0,2;0;3,17;23,89;23,74,,
28;3;30-06-2024;2024;182;21,56;29,6;16:00;15,58;04:40;71,1;100;05:00;33,58;16:50;0,85;226,3;4,1;16:23;253,4;19,85;0;0;4,21;23,6;23,14,,,
28;3;01-07-2024;2024;183;23,46;33,15;14:20;12,56;04:50;56,45;100;05:40;24,14;14:20;0,58;335,9;4,38;10:40;339,4;23,39;0;0;4,71;23,98;22,98,,,
28;3;02-07-2024;2024;184;24,9;34,08;16:40;14,65;04:40;45,16;89,9;04:40;21,57;14:40;0,74;16,77;4,53;14:52;260,7;28,93;0;0;5,76;24,92;23,21,,
28;3;03-07-2024;2024;185;25,17;36,83;16:20;11,62;05:10;42,76;99,7;05:10;13,28;17:10;0,56;129,1;3,55;13:13;274,6;29,43;0;0;5,68;25,71;23,64,,
28;3;04-07-2024;2024;186;27,76;39,32;18:00;14,86;05:00;39,79;83,5;03:30;14,08;15:30;0,63;41,24;4,43;12:54;223,9;29,26;0;0;6,01;26,63;24,1,,
28;3;05-07-2024;2024;187;30,22;39,78;16:30;19,42;05:20;33,85;61,58;05:20;17,92;17:00;1,05;245;4,99;17:00;241,7;28,1;0;0;6,66;27,77;24,74,,,
28;3;06-07-2024;2024;188;27,77;34,01;15:50;20,49;23:50;39,12;67,71;23:50;20,83;17:30;1,89;249,3;6,78;15:01;300,7;28,38;0;0;7,1;28,56;25,43,,
28;3;07-07-2024;2024;189;24,43;33,21;16:30;16,13;05:20;52,37;97,9;23:00;18,67;16:00;0,99;262,6;5,18;17:26;248,1;28,99;0;0;5,97;28,23;25,76,,
28;3;08-07-2024;2024;190;24,46;34,42;14:10;12,24;05:30;47,11;100;05:40;15,77;13:30;0,77;217;5,27;16:16;252,6;29,08;0;0;5,75;27,61;25,71,,,,
28;3;09-07-2024;2024;191;24,76;34,42;14:10;13,38;04:20;44,6;97,8;03:50;18,07;16:40;1,06;227,5;5,66;17:29;208;28,56;0;0;6,04;27,61;25,65,,,
28;3;10-07-2024;2024;192;26,1;35,09;15:00;16,2;04:20;54,38;99,2;04:20;22,45;16:40;1,11;227,8;5,57;13:01;255,7;28,38;0;0;6,17;28,22;25,78,,
28;3;11-07-2024;2024;193;28,07;37,44;14:50;16,87;05:00;50,99;97;01:30;24,13;16:30;1,31;230,4;7,48;17:31;276,7;28,25;0;0;6,62;29;26,15,,,,
28;3;12-07-2024;2024;194;26,06;35,36;16:10;15,25;05:20;43,1;92,8;05:20;13,68;17:20;0,73;236,2;4,31;14:39;289,8;29,22;0;0;5,84;29,01;26,52,,
28;3;13-07-2024;2024;195;25,4;34,96;15:00;14,18;03:50;42;92;03:50;11,86;17:00;1,08;235,3;5,5;15:47;229,4;28,56;0;0;6,13;28,65;26,53,,,,
28;3;14-07-2024;2024;196;24,28;34,49;15:50;13,38;05:10;34,61;86,4;23:50;12,34;16:30;1,04;217,8;5,71;16:24;280,7;29,2;0;0;6,1;28,21;26,43,,
28;3;15-07-2024;2024;197;23,63;31,94;12:50;13,44;05:00;53,81;86,3;04:50;32,51;19:20;1,67;238;7,69;15:27;263,5;27,82;0;0;6,08;28,34;26,37,,,
28;3;16-07-2024;2024;198;24,19;35,16;16:10;13,24;05:30;49,83;97,5;22:30;17,19;18:00;0,7;237,3;4,13;14:26;253,9;28,44;0;0;5,61;28,24;26,4,,
28;3;17-07-2024;2024;199;25,44;37,5;17:00;12,57;03:30;47,93;98;22:00;14,15;16:30;0,57;336,6;3,81;14:45;269;27,11;0;0;5,41;28,08;26,33,,,,
28;3;18-07-2024;2024;200;26,18;37,31;11:50;15,39;05:00;54,6;100;05:50;14,22;12:10;0,39;153,3;2,33;13:44;233,8;19,07;0;0;4,1;28,14;26,39,,,
28;3;19-07-2024;2024;201;27,29;39,58;15:50;14,18;05:10;50,07;99,2;05:20;14,15;17:00;0,5;218,9;3,76;14:30;205,8;27,32;0;0;5,5;28,43;26,33,,
28;3;20-07-2024;2024;202;26,85;35,63;15:30;15,87;05:30;47,39;100;01:00;19,01;15:10;1,63;258,5;8,16;16:06;265,5;27,37;0;0;6,59;29,08;26,62,,,
28;3;21-07-2024;2024;203;26,35;35,35;16:00;17,6;05:40;42,27;86,9;05:30;12,4;16:10;0,57;349,9;3,32;12:56;334,8;28,5;0;0;5,53;29,23;26,9,,
28;3;22-07-2024;2024;204;25,17;37,76;16:20;13,31;05:10;37,89;82;03:20;8,02;16:20;0,43;30,19;2,68;07:25;7,58;29,02;0;0;5,28;28,51;26,83,,,
